"fact_date","fact_mla","prd_title","prd_category","fact_price","fact_doficial_price","fact_dblue_price"
"2023-08-09","MLA14541957","Pava Eléctrica Peabody Pe-k1708 Plateada 220v 1.7l","Electrodomésticos y Aires Ac.","15399.00","51.81","25.67"
"2023-08-10","MLA14541957","Pava Eléctrica Peabody Pe-k1708 Plateada 220v 1.7l","Electrodomésticos y Aires Ac.","14599.00","48.96","24.25"
"2023-08-11","MLA14541957","Pava Eléctrica Peabody Pe-k1708 Plateada 220v 1.7l","Electrodomésticos y Aires Ac.","14999.00","50.04","24.79"
"2023-08-12","MLA14541957","Pava Eléctrica Peabody Pe-k1708 Plateada 220v 1.7l","Electrodomésticos y Aires Ac.","14999.00","50.04","24.79"
"2023-08-13","MLA14541957","Pava Eléctrica Peabody Pe-k1708 Plateada 220v 1.7l","Electrodomésticos y Aires Ac.","14999.00","49.94","24.79"
"2023-08-14","MLA14541957","Pava Eléctrica Peabody Pe-k1708 Plateada 220v 1.7l","Electrodomésticos y Aires Ac.","14999.00","41.59","21.90"
"2023-08-15","MLA14541957","Pava Eléctrica Peabody Pe-k1708 Plateada 220v 1.7l","Electrodomésticos y Aires Ac.","14999.00","40.95","20.55"
"2023-08-16","MLA14541957","Pava Eléctrica Peabody Pe-k1708 Plateada 220v 1.7l","Electrodomésticos y Aires Ac.","18199.00","49.51","23.33"
"2023-08-17","MLA14541957","Pava Eléctrica Peabody Pe-k1708 Plateada 220v 1.7l","Electrodomésticos y Aires Ac.","19998.00","54.41","26.31"
"2023-08-18","MLA14541957","Pava Eléctrica Peabody Pe-k1708 Plateada 220v 1.7l","Electrodomésticos y Aires Ac.","19699.00","53.58","27.36"
"2023-08-19","MLA14541957","Pava Eléctrica Peabody Pe-k1708 Plateada 220v 1.7l","Electrodomésticos y Aires Ac.","19699.00","53.58","27.36"
"2023-08-20","MLA14541957","Pava Eléctrica Peabody Pe-k1708 Plateada 220v 1.7l","Electrodomésticos y Aires Ac.","19699.00","53.58","27.36"
"2023-08-21","MLA14541957","Pava Eléctrica Peabody Pe-k1708 Plateada 220v 1.7l","Electrodomésticos y Aires Ac.","19699.00","53.58","27.36"
"2023-08-22","MLA14541957","Pava Eléctrica Peabody Pe-k1708 Plateada 220v 1.7l","Electrodomésticos y Aires Ac.","19699.00","53.61","27.10"
"2023-08-23","MLA14541957","Pava Eléctrica Peabody Pe-k1708 Plateada 220v 1.7l","Electrodomésticos y Aires Ac.","19699.00","53.64","26.80"
"2023-08-24","MLA14541957","Pava Eléctrica Peabody Pe-k1708 Plateada 220v 1.7l","Electrodomésticos y Aires Ac.","19699.00","53.64","26.80"
"2023-08-25","MLA14541957","Pava Eléctrica Peabody Pe-k1708 Plateada 220v 1.7l","Electrodomésticos y Aires Ac.","19699.00","53.64","26.80"
"2023-08-26","MLA14541957","Pava Eléctrica Peabody Pe-k1708 Plateada 220v 1.7l","Electrodomésticos y Aires Ac.","18704.00","50.93","25.62"
"2023-08-27","MLA14541957","Pava Eléctrica Peabody Pe-k1708 Plateada 220v 1.7l","Electrodomésticos y Aires Ac.","18704.00","50.93","25.62"
"2023-08-09","MLA14798150","Licuadora Smartlife Sl-bl1008 1.5 L Blanca Con Jarra De Vidrio 220v - 240v","Electrodomésticos y Aires Ac.","16499.00","55.51","27.50"
"2023-08-10","MLA14798150","Licuadora Smartlife Sl-bl1008 1.5 L Blanca Con Jarra De Vidrio 220v - 240v","Electrodomésticos y Aires Ac.","15994.00","53.64","26.57"
"2023-08-11","MLA14798150","Licuadora Smartlife Sl-bl1008 1.5 L Blanca Con Jarra De Vidrio 220v - 240v","Electrodomésticos y Aires Ac.","16499.00","55.05","27.27"
"2023-08-12","MLA14798150","Licuadora Smartlife Sl-bl1008 1.5 L Blanca Con Jarra De Vidrio 220v - 240v","Electrodomésticos y Aires Ac.","16499.00","55.05","27.27"
"2023-08-13","MLA14798150","Licuadora Smartlife Sl-bl1008 1.5 L Blanca Con Jarra De Vidrio 220v - 240v","Electrodomésticos y Aires Ac.","16989.00","56.57","28.08"
"2023-08-14","MLA14798150","Licuadora Smartlife Sl-bl1008 1.5 L Blanca Con Jarra De Vidrio 220v - 240v","Electrodomésticos y Aires Ac.","17490.00","48.50","25.53"
"2023-08-15","MLA14798150","Licuadora Smartlife Sl-bl1008 1.5 L Blanca Con Jarra De Vidrio 220v - 240v","Electrodomésticos y Aires Ac.","20879.00","57.00","28.60"
"2023-08-16","MLA14798150","Licuadora Smartlife Sl-bl1008 1.5 L Blanca Con Jarra De Vidrio 220v - 240v","Electrodomésticos y Aires Ac.","22899.00","62.30","29.36"
"2023-08-17","MLA14798150","Licuadora Smartlife Sl-bl1008 1.5 L Blanca Con Jarra De Vidrio 220v - 240v","Electrodomésticos y Aires Ac.","20989.00","57.11","27.62"
"2023-08-18","MLA14798150","Licuadora Smartlife Sl-bl1008 1.5 L Blanca Con Jarra De Vidrio 220v - 240v","Electrodomésticos y Aires Ac.","20989.00","57.08","29.15"
"2023-08-19","MLA14798150","Licuadora Smartlife Sl-bl1008 1.5 L Blanca Con Jarra De Vidrio 220v - 240v","Electrodomésticos y Aires Ac.","20999.00","57.11","29.17"
"2023-08-20","MLA14798150","Licuadora Smartlife Sl-bl1008 1.5 L Blanca Con Jarra De Vidrio 220v - 240v","Electrodomésticos y Aires Ac.","20999.00","57.11","29.17"
"2023-08-21","MLA14798150","Licuadora Smartlife Sl-bl1008 1.5 L Blanca Con Jarra De Vidrio 220v - 240v","Electrodomésticos y Aires Ac.","20999.00","57.11","29.17"
"2023-08-22","MLA14798150","Licuadora Smartlife Sl-bl1008 1.5 L Blanca Con Jarra De Vidrio 220v - 240v","Electrodomésticos y Aires Ac.","21130.00","57.50","29.06"
"2023-08-23","MLA14798150","Licuadora Smartlife Sl-bl1008 1.5 L Blanca Con Jarra De Vidrio 220v - 240v","Electrodomésticos y Aires Ac.","21130.00","57.54","28.75"
"2023-08-24","MLA14798150","Licuadora Smartlife Sl-bl1008 1.5 L Blanca Con Jarra De Vidrio 220v - 240v","Electrodomésticos y Aires Ac.","21130.00","57.54","28.75"
"2023-08-25","MLA14798150","Licuadora Smartlife Sl-bl1008 1.5 L Blanca Con Jarra De Vidrio 220v - 240v","Electrodomésticos y Aires Ac.","21130.00","57.54","28.75"
"2023-08-26","MLA14798150","Licuadora Smartlife Sl-bl1008 1.5 L Blanca Con Jarra De Vidrio 220v - 240v","Electrodomésticos y Aires Ac.","21199.00","57.72","29.04"
"2023-08-27","MLA14798150","Licuadora Smartlife Sl-bl1008 1.5 L Blanca Con Jarra De Vidrio 220v - 240v","Electrodomésticos y Aires Ac.","21199.00","57.72","29.04"
"2023-08-09","MLA16009102","Papel Higiénico Higienol Max Simple 80 M Pack De 4","Hogar, Muebles y Jardín","867.51","2.92","1.45"
"2023-08-10","MLA16009102","Papel Higiénico Higienol Max Simple 80 M Pack De 4","Hogar, Muebles y Jardín","867.51","2.91","1.44"
"2023-08-11","MLA16009102","Papel Higiénico Higienol Max Simple 80 M Pack De 4","Hogar, Muebles y Jardín","867.51","2.89","1.43"
"2023-08-12","MLA16009102","Papel Higiénico Higienol Max Simple 80 M Pack De 4","Hogar, Muebles y Jardín","996.03","3.32","1.65"
"2023-08-13","MLA16009102","Papel Higiénico Higienol Max Simple 80 M Pack De 4","Hogar, Muebles y Jardín","997.00","3.32","1.65"
"2023-08-14","MLA16009102","Papel Higiénico Higienol Max Simple 80 M Pack De 4","Hogar, Muebles y Jardín","924.88","2.56","1.35"
"2023-08-15","MLA16009102","Papel Higiénico Higienol Max Simple 80 M Pack De 4","Hogar, Muebles y Jardín","1196.40","3.27","1.64"
"2023-08-16","MLA16009102","Papel Higiénico Higienol Max Simple 80 M Pack De 4","Hogar, Muebles y Jardín","1196.40","3.25","1.53"
"2023-08-17","MLA16009102","Papel Higiénico Higienol Max Simple 80 M Pack De 4","Hogar, Muebles y Jardín","1410.00","3.84","1.86"
"2023-08-18","MLA16009102","Papel Higiénico Higienol Max Simple 80 M Pack De 4","Hogar, Muebles y Jardín","1499.00","4.08","2.08"
"2023-08-19","MLA16009102","Papel Higiénico Higienol Max Simple 80 M Pack De 4","Hogar, Muebles y Jardín","1499.00","4.08","2.08"
"2023-08-20","MLA16009102","Papel Higiénico Higienol Max Simple 80 M Pack De 4","Hogar, Muebles y Jardín","1499.00","4.08","2.08"
"2023-08-21","MLA16009102","Papel Higiénico Higienol Max Simple 80 M Pack De 4","Hogar, Muebles y Jardín","1156.10","3.14","1.61"
"2023-08-22","MLA16009102","Papel Higiénico Higienol Max Simple 80 M Pack De 4","Hogar, Muebles y Jardín","1410.00","3.84","1.94"
"2023-08-23","MLA16009102","Papel Higiénico Higienol Max Simple 80 M Pack De 4","Hogar, Muebles y Jardín","1354.78","3.69","1.84"
"2023-08-24","MLA16009102","Papel Higiénico Higienol Max Simple 80 M Pack De 4","Hogar, Muebles y Jardín","1354.78","3.69","1.84"
"2023-08-25","MLA16009102","Papel Higiénico Higienol Max Simple 80 M Pack De 4","Hogar, Muebles y Jardín","1354.78","3.69","1.84"
"2023-08-26","MLA16009102","Papel Higiénico Higienol Max Simple 80 M Pack De 4","Hogar, Muebles y Jardín","1410.00","3.84","1.93"
"2023-08-27","MLA16009102","Papel Higiénico Higienol Max Simple 80 M Pack De 4","Hogar, Muebles y Jardín","1410.00","3.84","1.93"
"2023-08-09","MLA16010049","Aceite De Girasol Natura Botellasin Tacc 1.5 L ","Alimentos y Bebidas","1263.00","4.25","2.11"
"2023-08-10","MLA16010049","Aceite De Girasol Natura Botellasin Tacc 1.5 L ","Alimentos y Bebidas","1263.00","4.24","2.10"
"2023-08-11","MLA16010049","Aceite De Girasol Natura Botellasin Tacc 1.5 L ","Alimentos y Bebidas","1263.00","4.21","2.09"
"2023-08-12","MLA16010049","Aceite De Girasol Natura Botellasin Tacc 1.5 L ","Alimentos y Bebidas","1263.00","4.21","2.09"
"2023-08-13","MLA16010049","Aceite De Girasol Natura Botellasin Tacc 1.5 L ","Alimentos y Bebidas","1263.00","4.21","2.09"
"2023-08-14","MLA16010049","Aceite De Girasol Natura Botellasin Tacc 1.5 L ","Alimentos y Bebidas","1263.00","3.50","1.84"
"2023-08-15","MLA16010049","Aceite De Girasol Natura Botellasin Tacc 1.5 L ","Alimentos y Bebidas","1499.00","4.09","2.05"
"2023-08-16","MLA16010049","Aceite De Girasol Natura Botellasin Tacc 1.5 L ","Alimentos y Bebidas","1499.00","4.08","1.92"
"2023-08-17","MLA16010049","Aceite De Girasol Natura Botellasin Tacc 1.5 L ","Alimentos y Bebidas","1584.56","4.31","2.08"
"2023-08-18","MLA16010049","Aceite De Girasol Natura Botellasin Tacc 1.5 L ","Alimentos y Bebidas","1263.00","3.44","1.75"
"2023-08-19","MLA16010049","Aceite De Girasol Natura Botellasin Tacc 1.5 L ","Alimentos y Bebidas","1263.00","3.44","1.75"
"2023-08-20","MLA16010049","Aceite De Girasol Natura Botellasin Tacc 1.5 L ","Alimentos y Bebidas","1263.00","3.44","1.75"
"2023-08-21","MLA16010049","Aceite De Girasol Natura Botellasin Tacc 1.5 L ","Alimentos y Bebidas","1263.00","3.44","1.75"
"2023-08-22","MLA16010049","Aceite De Girasol Natura Botellasin Tacc 1.5 L ","Alimentos y Bebidas","970.00","2.64","1.33"
"2023-08-23","MLA16010049","Aceite De Girasol Natura Botellasin Tacc 1.5 L ","Alimentos y Bebidas","1050.00","2.86","1.43"
"2023-08-24","MLA16010049","Aceite De Girasol Natura Botellasin Tacc 1.5 L ","Alimentos y Bebidas","1050.00","2.86","1.43"
"2023-08-25","MLA16010049","Aceite De Girasol Natura Botellasin Tacc 1.5 L ","Alimentos y Bebidas","1050.00","2.86","1.43"
"2023-08-26","MLA16010049","Aceite De Girasol Natura Botellasin Tacc 1.5 L ","Alimentos y Bebidas","1050.00","2.86","1.44"
"2023-08-27","MLA16010049","Aceite De Girasol Natura Botellasin Tacc 1.5 L ","Alimentos y Bebidas","1050.00","2.86","1.44"
"2023-08-09","MLA16106394","Pava Eléctrica Westinghouse Wh-pe0192m Acero 220v 1.8l","Electrodomésticos y Aires Ac.","9099.00","30.62","15.17"
"2023-08-10","MLA16106394","Pava Eléctrica Westinghouse Wh-pe0192m Acero 220v 1.8l","Electrodomésticos y Aires Ac.","9090.00","30.49","15.10"
"2023-08-11","MLA16106394","Pava Eléctrica Westinghouse Wh-pe0192m Acero 220v 1.8l","Electrodomésticos y Aires Ac.","9006.00","30.05","14.89"
"2023-08-12","MLA16106394","Pava Eléctrica Westinghouse Wh-pe0192m Acero 220v 1.8l","Electrodomésticos y Aires Ac.","9006.00","30.05","14.89"
"2023-08-13","MLA16106394","Pava Eléctrica Westinghouse Wh-pe0192m Acero 220v 1.8l","Electrodomésticos y Aires Ac.","9006.00","29.99","14.89"
"2023-08-14","MLA16106394","Pava Eléctrica Westinghouse Wh-pe0192m Acero 220v 1.8l","Electrodomésticos y Aires Ac.","9095.00","25.22","13.28"
"2023-08-15","MLA16106394","Pava Eléctrica Westinghouse Wh-pe0192m Acero 220v 1.8l","Electrodomésticos y Aires Ac.","9625.00","26.28","13.18"
"2023-08-16","MLA16106394","Pava Eléctrica Westinghouse Wh-pe0192m Acero 220v 1.8l","Electrodomésticos y Aires Ac.","9629.00","26.20","12.34"
"2023-08-17","MLA16106394","Pava Eléctrica Westinghouse Wh-pe0192m Acero 220v 1.8l","Electrodomésticos y Aires Ac.","11999.00","32.65","15.79"
"2023-08-18","MLA16106394","Pava Eléctrica Westinghouse Wh-pe0192m Acero 220v 1.8l","Electrodomésticos y Aires Ac.","13999.00","38.07","19.44"
"2023-08-19","MLA16106394","Pava Eléctrica Westinghouse Wh-pe0192m Acero 220v 1.8l","Electrodomésticos y Aires Ac.","13999.00","38.07","19.44"
"2023-08-20","MLA16106394","Pava Eléctrica Westinghouse Wh-pe0192m Acero 220v 1.8l","Electrodomésticos y Aires Ac.","13999.00","38.07","19.44"
"2023-08-21","MLA16106394","Pava Eléctrica Westinghouse Wh-pe0192m Acero 220v 1.8l","Electrodomésticos y Aires Ac.","13999.00","38.07","19.44"
"2023-08-22","MLA16106394","Pava Eléctrica Westinghouse Wh-pe0192m Acero 220v 1.8l","Electrodomésticos y Aires Ac.","13999.00","38.10","19.26"
"2023-08-23","MLA16106394","Pava Eléctrica Westinghouse Wh-pe0192m Acero 220v 1.8l","Electrodomésticos y Aires Ac.","15999.00","43.57","21.77"
"2023-08-24","MLA16106394","Pava Eléctrica Westinghouse Wh-pe0192m Acero 220v 1.8l","Electrodomésticos y Aires Ac.","15999.00","43.57","21.77"
"2023-08-25","MLA16106394","Pava Eléctrica Westinghouse Wh-pe0192m Acero 220v 1.8l","Electrodomésticos y Aires Ac.","15999.00","43.57","21.77"
"2023-08-26","MLA16106394","Pava Eléctrica Westinghouse Wh-pe0192m Acero 220v 1.8l","Electrodomésticos y Aires Ac.","16168.00","44.02","22.15"
"2023-08-27","MLA16106394","Pava Eléctrica Westinghouse Wh-pe0192m Acero 220v 1.8l","Electrodomésticos y Aires Ac.","16429.00","44.73","22.51"
"2023-08-09","MLA16121165","Energizer Max E91 Aa Cilíndrica - Pack De 4 Unidades","Electrónica, Audio y Video","1119.00","3.77","1.87"
"2023-08-10","MLA16121165","Energizer Max E91 Aa Cilíndrica - Pack De 4 Unidades","Electrónica, Audio y Video","1119.00","3.75","1.86"
"2023-08-11","MLA16121165","Energizer Max E91 Aa Cilíndrica - Pack De 4 Unidades","Electrónica, Audio y Video","1209.00","4.03","2.00"
"2023-08-12","MLA16121165","Energizer Max E91 Aa Cilíndrica - Pack De 4 Unidades","Electrónica, Audio y Video","1209.00","4.03","2.00"
"2023-08-13","MLA16121165","Energizer Max E91 Aa Cilíndrica - Pack De 4 Unidades","Electrónica, Audio y Video","1164.00","3.88","1.92"
"2023-08-14","MLA16121165","Energizer Max E91 Aa Cilíndrica - Pack De 4 Unidades","Electrónica, Audio y Video","1350.00","3.74","1.97"
"2023-08-15","MLA16121165","Energizer Max E91 Aa Cilíndrica - Pack De 4 Unidades","Electrónica, Audio y Video","1450.00","3.96","1.99"
"2023-08-16","MLA16121165","Energizer Max E91 Aa Cilíndrica - Pack De 4 Unidades","Electrónica, Audio y Video","1499.00","4.08","1.92"
"2023-08-17","MLA16121165","Energizer Max E91 Aa Cilíndrica - Pack De 4 Unidades","Electrónica, Audio y Video","1490.00","4.05","1.96"
"2023-08-18","MLA16121165","Energizer Max E91 Aa Cilíndrica - Pack De 4 Unidades","Electrónica, Audio y Video","1490.00","4.05","2.07"
"2023-08-19","MLA16121165","Energizer Max E91 Aa Cilíndrica - Pack De 4 Unidades","Electrónica, Audio y Video","1490.00","4.05","2.07"
"2023-08-20","MLA16121165","Energizer Max E91 Aa Cilíndrica - Pack De 4 Unidades","Electrónica, Audio y Video","1490.00","4.05","2.07"
"2023-08-21","MLA16121165","Energizer Max E91 Aa Cilíndrica - Pack De 4 Unidades","Electrónica, Audio y Video","1490.00","4.05","2.07"
"2023-08-22","MLA16121165","Energizer Max E91 Aa Cilíndrica - Pack De 4 Unidades","Electrónica, Audio y Video","1490.00","4.05","2.05"
"2023-08-23","MLA16121165","Energizer Max E91 Aa Cilíndrica - Pack De 4 Unidades","Electrónica, Audio y Video","1490.00","4.06","2.03"
"2023-08-24","MLA16121165","Energizer Max E91 Aa Cilíndrica - Pack De 4 Unidades","Electrónica, Audio y Video","1490.00","4.06","2.03"
"2023-08-25","MLA16121165","Energizer Max E91 Aa Cilíndrica - Pack De 4 Unidades","Electrónica, Audio y Video","1490.00","4.06","2.03"
"2023-08-26","MLA16121165","Energizer Max E91 Aa Cilíndrica - Pack De 4 Unidades","Electrónica, Audio y Video","1490.00","4.06","2.04"
"2023-08-27","MLA16121165","Energizer Max E91 Aa Cilíndrica - Pack De 4 Unidades","Electrónica, Audio y Video","1490.00","4.06","2.04"
"2023-08-09","MLA17360590","Monitor Gamer Samsung F24t35 Led 24  Azul Y Gris Oscuro 100v/240v","Computación","71999.00","242.26","120.00"
"2023-08-10","MLA17360590","Monitor Gamer Samsung F24t35 Led 24  Azul Y Gris Oscuro 100v/240v","Computación","79800.00","267.64","132.56"
"2023-08-11","MLA17360590","Monitor Gamer Samsung F24t35 Led 24  Azul Y Gris Oscuro 100v/240v","Computación","75514.10","251.94","124.82"
"2023-08-12","MLA17360590","Monitor Gamer Samsung F24t35 Led 24  Azul Y Gris Oscuro 100v/240v","Computación","80799.00","269.57","133.55"
"2023-08-13","MLA17360590","Monitor Gamer Samsung F24t35 Led 24  Azul Y Gris Oscuro 100v/240v","Computación","80999.00","269.69","133.88"
"2023-08-14","MLA17360590","Monitor Gamer Samsung F24t35 Led 24  Azul Y Gris Oscuro 100v/240v","Computación","86999.00","241.24","127.01"
"2023-08-15","MLA17360590","Monitor Gamer Samsung F24t35 Led 24  Azul Y Gris Oscuro 100v/240v","Computación","99989.00","272.98","136.97"
"2023-08-16","MLA17360590","Monitor Gamer Samsung F24t35 Led 24  Azul Y Gris Oscuro 100v/240v","Computación","106828.00","290.63","136.96"
"2023-08-17","MLA17360590","Monitor Gamer Samsung F24t35 Led 24  Azul Y Gris Oscuro 100v/240v","Computación","105799.00","287.86","139.21"
"2023-08-18","MLA17360590","Monitor Gamer Samsung F24t35 Led 24  Azul Y Gris Oscuro 100v/240v","Computación","108999.00","296.45","151.39"
"2023-08-19","MLA17360590","Monitor Gamer Samsung F24t35 Led 24  Azul Y Gris Oscuro 100v/240v","Computación","108999.00","296.45","151.39"
"2023-08-20","MLA17360590","Monitor Gamer Samsung F24t35 Led 24  Azul Y Gris Oscuro 100v/240v","Computación","108999.00","296.45","151.39"
"2023-08-21","MLA17360590","Monitor Gamer Samsung F24t35 Led 24  Azul Y Gris Oscuro 100v/240v","Computación","108999.00","296.45","151.39"
"2023-08-22","MLA17360590","Monitor Gamer Samsung F24t35 Led 24  Azul Y Gris Oscuro 100v/240v","Computación","105555.00","287.26","145.19"
"2023-08-23","MLA17360590","Monitor Gamer Samsung F24t35 Led 24  Azul Y Gris Oscuro 100v/240v","Computación","101000.00","275.02","137.41"
"2023-08-24","MLA17360590","Monitor Gamer Samsung F24t35 Led 24  Azul Y Gris Oscuro 100v/240v","Computación","101000.00","275.02","137.41"
"2023-08-25","MLA17360590","Monitor Gamer Samsung F24t35 Led 24  Azul Y Gris Oscuro 100v/240v","Computación","101000.00","275.02","137.41"
"2023-08-26","MLA17360590","Monitor Gamer Samsung F24t35 Led 24  Azul Y Gris Oscuro 100v/240v","Computación","102499.00","279.09","140.41"
"2023-08-27","MLA17360590","Monitor Gamer Samsung F24t35 Led 24  Azul Y Gris Oscuro 100v/240v","Computación","102499.00","279.09","140.41"
"2023-08-09","MLA17395574","Monitor Gamer Samsung F22t35 Led 22  Dark Blue Gray 100v/240v","Computación","63829.00","214.77","106.38"
"2023-08-10","MLA17395574","Monitor Gamer Samsung F22t35 Led 22  Dark Blue Gray 100v/240v","Computación","66999.00","224.71","111.29"
"2023-08-11","MLA17395574","Monitor Gamer Samsung F22t35 Led 22  Dark Blue Gray 100v/240v","Computación","60524.10","201.93","100.04"
"2023-08-12","MLA17395574","Monitor Gamer Samsung F22t35 Led 22  Dark Blue Gray 100v/240v","Computación","67999.00","226.87","112.40"
"2023-08-13","MLA17395574","Monitor Gamer Samsung F22t35 Led 22  Dark Blue Gray 100v/240v","Computación","69799.00","232.40","115.37"
"2023-08-14","MLA17395574","Monitor Gamer Samsung F22t35 Led 22  Dark Blue Gray 100v/240v","Computación","75000.00","207.96","109.49"
"2023-08-15","MLA17395574","Monitor Gamer Samsung F22t35 Led 22  Dark Blue Gray 100v/240v","Computación","76899.00","209.94","105.34"
"2023-08-16","MLA17395574","Monitor Gamer Samsung F22t35 Led 22  Dark Blue Gray 100v/240v","Computación","86999.00","236.68","111.54"
"2023-08-17","MLA17395574","Monitor Gamer Samsung F22t35 Led 22  Dark Blue Gray 100v/240v","Computación","92324.25","251.20","121.48"
"2023-08-18","MLA17395574","Monitor Gamer Samsung F22t35 Led 22  Dark Blue Gray 100v/240v","Computación","89999.00","244.78","125.00"
"2023-08-19","MLA17395574","Monitor Gamer Samsung F22t35 Led 22  Dark Blue Gray 100v/240v","Computación","92999.00","252.93","129.17"
"2023-08-20","MLA17395574","Monitor Gamer Samsung F22t35 Led 22  Dark Blue Gray 100v/240v","Computación","92999.00","252.93","129.17"
"2023-08-21","MLA17395574","Monitor Gamer Samsung F22t35 Led 22  Dark Blue Gray 100v/240v","Computación","92999.00","252.93","129.17"
"2023-08-22","MLA17395574","Monitor Gamer Samsung F22t35 Led 22  Dark Blue Gray 100v/240v","Computación","91499.00","249.00","125.86"
"2023-08-23","MLA17395574","Monitor Gamer Samsung F22t35 Led 22  Dark Blue Gray 100v/240v","Computación","86399.00","235.27","117.55"
"2023-08-24","MLA17395574","Monitor Gamer Samsung F22t35 Led 22  Dark Blue Gray 100v/240v","Computación","86399.00","235.27","117.55"
"2023-08-25","MLA17395574","Monitor Gamer Samsung F22t35 Led 22  Dark Blue Gray 100v/240v","Computación","86399.00","235.27","117.55"
"2023-08-26","MLA17395574","Monitor Gamer Samsung F22t35 Led 22  Dark Blue Gray 100v/240v","Computación","81999.00","223.27","112.33"
"2023-08-27","MLA17395574","Monitor Gamer Samsung F22t35 Led 22  Dark Blue Gray 100v/240v","Computación","81999.00","223.27","112.33"
"2023-08-09","MLA17464828","Alimento Dog Chow Salud Visible Sin Colorantes Para Perro Adulto De Raza Mediana Y Grande Sabor Mix En Bolsa De 21 kg","Animales y Mascotas","15872.00","53.41","26.45"
"2023-08-10","MLA17464828","Alimento Dog Chow Salud Visible Sin Colorantes Para Perro Adulto De Raza Mediana Y Grande Sabor Mix En Bolsa De 21 kg","Animales y Mascotas","14990.00","50.28","24.90"
"2023-08-11","MLA17464828","Alimento Dog Chow Salud Visible Sin Colorantes Para Perro Adulto De Raza Mediana Y Grande Sabor Mix En Bolsa De 21 kg","Animales y Mascotas","14661.00","48.91","24.23"
"2023-08-12","MLA17464828","Alimento Dog Chow Salud Visible Sin Colorantes Para Perro Adulto De Raza Mediana Y Grande Sabor Mix En Bolsa De 21 kg","Animales y Mascotas","14661.00","48.91","24.23"
"2023-08-13","MLA17464828","Alimento Dog Chow Salud Visible Sin Colorantes Para Perro Adulto De Raza Mediana Y Grande Sabor Mix En Bolsa De 21 kg","Animales y Mascotas","14661.00","48.81","24.23"
"2023-08-14","MLA17464828","Alimento Dog Chow Salud Visible Sin Colorantes Para Perro Adulto De Raza Mediana Y Grande Sabor Mix En Bolsa De 21 kg","Animales y Mascotas","15872.00","44.01","23.17"
"2023-08-15","MLA17464828","Alimento Dog Chow Salud Visible Sin Colorantes Para Perro Adulto De Raza Mediana Y Grande Sabor Mix En Bolsa De 21 kg","Animales y Mascotas","15872.00","43.33","21.74"
"2023-08-16","MLA17464828","Alimento Dog Chow Salud Visible Sin Colorantes Para Perro Adulto De Raza Mediana Y Grande Sabor Mix En Bolsa De 21 kg","Animales y Mascotas","16290.00","44.32","20.88"
"2023-08-17","MLA17464828","Alimento Dog Chow Salud Visible Sin Colorantes Para Perro Adulto De Raza Mediana Y Grande Sabor Mix En Bolsa De 21 kg","Animales y Mascotas","18790.00","51.12","24.72"
"2023-08-18","MLA17464828","Alimento Dog Chow Salud Visible Sin Colorantes Para Perro Adulto De Raza Mediana Y Grande Sabor Mix En Bolsa De 21 kg","Animales y Mascotas","18790.00","51.10","26.10"
"2023-08-19","MLA17464828","Alimento Dog Chow Salud Visible Sin Colorantes Para Perro Adulto De Raza Mediana Y Grande Sabor Mix En Bolsa De 21 kg","Animales y Mascotas","20599.00","56.02","28.61"
"2023-08-20","MLA17464828","Alimento Dog Chow Salud Visible Sin Colorantes Para Perro Adulto De Raza Mediana Y Grande Sabor Mix En Bolsa De 21 kg","Animales y Mascotas","20599.00","56.02","28.61"
"2023-08-21","MLA17464828","Alimento Dog Chow Salud Visible Sin Colorantes Para Perro Adulto De Raza Mediana Y Grande Sabor Mix En Bolsa De 21 kg","Animales y Mascotas","20599.00","56.02","28.61"
"2023-08-22","MLA17464828","Alimento Dog Chow Salud Visible Sin Colorantes Para Perro Adulto De Raza Mediana Y Grande Sabor Mix En Bolsa De 21 kg","Animales y Mascotas","20599.00","56.06","28.33"
"2023-08-23","MLA17464828","Alimento Dog Chow Salud Visible Sin Colorantes Para Perro Adulto De Raza Mediana Y Grande Sabor Mix En Bolsa De 21 kg","Animales y Mascotas","20599.00","56.09","28.03"
"2023-08-24","MLA17464828","Alimento Dog Chow Salud Visible Sin Colorantes Para Perro Adulto De Raza Mediana Y Grande Sabor Mix En Bolsa De 21 kg","Animales y Mascotas","20599.00","56.09","28.03"
"2023-08-25","MLA17464828","Alimento Dog Chow Salud Visible Sin Colorantes Para Perro Adulto De Raza Mediana Y Grande Sabor Mix En Bolsa De 21 kg","Animales y Mascotas","20599.00","56.09","28.03"
"2023-08-26","MLA17464828","Alimento Dog Chow Salud Visible Sin Colorantes Para Perro Adulto De Raza Mediana Y Grande Sabor Mix En Bolsa De 21 kg","Animales y Mascotas","20450.00","55.68","28.01"
"2023-08-27","MLA17464828","Alimento Dog Chow Salud Visible Sin Colorantes Para Perro Adulto De Raza Mediana Y Grande Sabor Mix En Bolsa De 21 kg","Animales y Mascotas","20450.00","55.68","28.01"
"2023-08-09","MLA19543952","Jabon Tocador Manos Familiar Palmolive Almendras 100% Natura","Belleza y Cuidado Personal","534.00","1.80","0.89"
"2023-08-10","MLA19543952","Jabon Tocador Manos Familiar Palmolive Almendras 100% Natura","Belleza y Cuidado Personal","267.00","0.90","0.44"
"2023-08-11","MLA19543952","Jabon Tocador Manos Familiar Palmolive Almendras 100% Natura","Belleza y Cuidado Personal","534.00","1.78","0.88"
"2023-08-12","MLA19543952","Jabon Tocador Manos Familiar Palmolive Almendras 100% Natura","Belleza y Cuidado Personal","534.00","1.78","0.88"
"2023-08-13","MLA19543952","Jabon Tocador Manos Familiar Palmolive Almendras 100% Natura","Belleza y Cuidado Personal","534.00","1.78","0.88"
"2023-08-14","MLA19543952","Jabon Tocador Manos Familiar Palmolive Almendras 100% Natura","Belleza y Cuidado Personal","534.00","1.48","0.78"
"2023-08-15","MLA19543952","Jabon Tocador Manos Familiar Palmolive Almendras 100% Natura","Belleza y Cuidado Personal","534.00","1.46","0.73"
"2023-08-16","MLA19543952","Jabon Tocador Manos Familiar Palmolive Almendras 100% Natura","Belleza y Cuidado Personal","534.00","1.45","0.68"
"2023-08-17","MLA19543952","Jabon Tocador Manos Familiar Palmolive Almendras 100% Natura","Belleza y Cuidado Personal","534.00","1.45","0.70"
"2023-08-18","MLA19543952","Jabon Tocador Manos Familiar Palmolive Almendras 100% Natura","Belleza y Cuidado Personal","534.00","1.45","0.74"
"2023-08-19","MLA19543952","Jabon Tocador Manos Familiar Palmolive Almendras 100% Natura","Belleza y Cuidado Personal","534.00","1.45","0.74"
"2023-08-20","MLA19543952","Jabon Tocador Manos Familiar Palmolive Almendras 100% Natura","Belleza y Cuidado Personal","534.00","1.45","0.74"
"2023-08-21","MLA19543952","Jabon Tocador Manos Familiar Palmolive Almendras 100% Natura","Belleza y Cuidado Personal","534.00","1.45","0.74"
"2023-08-22","MLA19543952","Jabon Tocador Manos Familiar Palmolive Almendras 100% Natura","Belleza y Cuidado Personal","534.00","1.45","0.73"
"2023-08-23","MLA19543952","Jabon Tocador Manos Familiar Palmolive Almendras 100% Natura","Belleza y Cuidado Personal","534.00","1.45","0.73"
"2023-08-24","MLA19543952","Jabon Tocador Manos Familiar Palmolive Almendras 100% Natura","Belleza y Cuidado Personal","534.00","1.45","0.73"
"2023-08-25","MLA19543952","Jabon Tocador Manos Familiar Palmolive Almendras 100% Natura","Belleza y Cuidado Personal","534.00","1.45","0.73"
"2023-08-26","MLA19543952","Jabon Tocador Manos Familiar Palmolive Almendras 100% Natura","Belleza y Cuidado Personal","534.00","1.45","0.73"
"2023-08-27","MLA19543952","Jabon Tocador Manos Familiar Palmolive Almendras 100% Natura","Belleza y Cuidado Personal","534.00","1.45","0.73"
"2023-08-09","MLA19547761","Jabon Liquido Ala Baja Espuma Ecolavado Para Diluir X 500 Ml","Hogar, Muebles y Jardín","1404.00","4.72","2.34"
"2023-08-10","MLA19547761","Jabon Liquido Ala Baja Espuma Ecolavado Para Diluir X 500 Ml","Hogar, Muebles y Jardín","1404.00","4.71","2.33"
"2023-08-11","MLA19547761","Jabon Liquido Ala Baja Espuma Ecolavado Para Diluir X 500 Ml","Hogar, Muebles y Jardín","1404.00","4.68","2.32"
"2023-08-12","MLA19547761","Jabon Liquido Ala Baja Espuma Ecolavado Para Diluir X 500 Ml","Hogar, Muebles y Jardín","1404.00","4.68","2.32"
"2023-08-13","MLA19547761","Jabon Liquido Ala Baja Espuma Ecolavado Para Diluir X 500 Ml","Hogar, Muebles y Jardín","1404.00","4.67","2.32"
"2023-08-14","MLA19547761","Jabon Liquido Ala Baja Espuma Ecolavado Para Diluir X 500 Ml","Hogar, Muebles y Jardín","1649.00","4.57","2.41"
"2023-08-15","MLA19547761","Jabon Liquido Ala Baja Espuma Ecolavado Para Diluir X 500 Ml","Hogar, Muebles y Jardín","1649.00","4.50","2.26"
"2023-08-16","MLA19547761","Jabon Liquido Ala Baja Espuma Ecolavado Para Diluir X 500 Ml","Hogar, Muebles y Jardín","1782.00","4.85","2.28"
"2023-08-17","MLA19547761","Jabon Liquido Ala Baja Espuma Ecolavado Para Diluir X 500 Ml","Hogar, Muebles y Jardín","2121.00","5.77","2.79"
"2023-08-18","MLA19547761","Jabon Liquido Ala Baja Espuma Ecolavado Para Diluir X 500 Ml","Hogar, Muebles y Jardín","2121.00","5.77","2.95"
"2023-08-19","MLA19547761","Jabon Liquido Ala Baja Espuma Ecolavado Para Diluir X 500 Ml","Hogar, Muebles y Jardín","1899.00","5.16","2.64"
"2023-08-20","MLA19547761","Jabon Liquido Ala Baja Espuma Ecolavado Para Diluir X 500 Ml","Hogar, Muebles y Jardín","1899.00","5.16","2.64"
"2023-08-21","MLA19547761","Jabon Liquido Ala Baja Espuma Ecolavado Para Diluir X 500 Ml","Hogar, Muebles y Jardín","2121.00","5.77","2.95"
"2023-08-22","MLA19547761","Jabon Liquido Ala Baja Espuma Ecolavado Para Diluir X 500 Ml","Hogar, Muebles y Jardín","1921.00","5.23","2.64"
"2023-08-23","MLA19547761","Jabon Liquido Ala Baja Espuma Ecolavado Para Diluir X 500 Ml","Hogar, Muebles y Jardín","2171.00","5.91","2.95"
"2023-08-24","MLA19547761","Jabon Liquido Ala Baja Espuma Ecolavado Para Diluir X 500 Ml","Hogar, Muebles y Jardín","2171.00","5.91","2.95"
"2023-08-25","MLA19547761","Jabon Liquido Ala Baja Espuma Ecolavado Para Diluir X 500 Ml","Hogar, Muebles y Jardín","2171.00","5.91","2.95"
"2023-08-26","MLA19547761","Jabon Liquido Ala Baja Espuma Ecolavado Para Diluir X 500 Ml","Hogar, Muebles y Jardín","2171.00","5.91","2.97"
"2023-08-27","MLA19547761","Jabon Liquido Ala Baja Espuma Ecolavado Para Diluir X 500 Ml","Hogar, Muebles y Jardín","2100.00","5.72","2.88"
"2023-08-09","MLA19638753","Jabón Líquido Para Diluir Skip Bio-enzimas Tecnologia Superior En Limpieza Y Cuidado 500 Ml","Hogar, Muebles y Jardín","1651.00","5.56","2.75"
"2023-08-10","MLA19638753","Jabón Líquido Para Diluir Skip Bio-enzimas Tecnologia Superior En Limpieza Y Cuidado 500 Ml","Hogar, Muebles y Jardín","1651.00","5.54","2.74"
"2023-08-11","MLA19638753","Jabón Líquido Para Diluir Skip Bio-enzimas Tecnologia Superior En Limpieza Y Cuidado 500 Ml","Hogar, Muebles y Jardín","1651.00","5.51","2.73"
"2023-08-12","MLA19638753","Jabón Líquido Para Diluir Skip Bio-enzimas Tecnologia Superior En Limpieza Y Cuidado 500 Ml","Hogar, Muebles y Jardín","1651.00","5.51","2.73"
"2023-08-13","MLA19638753","Jabón Líquido Para Diluir Skip Bio-enzimas Tecnologia Superior En Limpieza Y Cuidado 500 Ml","Hogar, Muebles y Jardín","1584.00","5.27","2.62"
"2023-08-14","MLA19638753","Jabón Líquido Para Diluir Skip Bio-enzimas Tecnologia Superior En Limpieza Y Cuidado 500 Ml","Hogar, Muebles y Jardín","1651.00","4.58","2.41"
"2023-08-15","MLA19638753","Jabón Líquido Para Diluir Skip Bio-enzimas Tecnologia Superior En Limpieza Y Cuidado 500 Ml","Hogar, Muebles y Jardín","2097.00","5.72","2.87"
"2023-08-16","MLA19638753","Jabón Líquido Para Diluir Skip Bio-enzimas Tecnologia Superior En Limpieza Y Cuidado 500 Ml","Hogar, Muebles y Jardín","2097.00","5.70","2.69"
"2023-08-17","MLA19638753","Jabón Líquido Para Diluir Skip Bio-enzimas Tecnologia Superior En Limpieza Y Cuidado 500 Ml","Hogar, Muebles y Jardín","2097.00","5.71","2.76"
"2023-08-18","MLA19638753","Jabón Líquido Para Diluir Skip Bio-enzimas Tecnologia Superior En Limpieza Y Cuidado 500 Ml","Hogar, Muebles y Jardín","2193.00","5.96","3.05"
"2023-08-19","MLA19638753","Jabón Líquido Para Diluir Skip Bio-enzimas Tecnologia Superior En Limpieza Y Cuidado 500 Ml","Hogar, Muebles y Jardín","2260.00","6.15","3.14"
"2023-08-20","MLA19638753","Jabón Líquido Para Diluir Skip Bio-enzimas Tecnologia Superior En Limpieza Y Cuidado 500 Ml","Hogar, Muebles y Jardín","2260.00","6.15","3.14"
"2023-08-21","MLA19638753","Jabón Líquido Para Diluir Skip Bio-enzimas Tecnologia Superior En Limpieza Y Cuidado 500 Ml","Hogar, Muebles y Jardín","2260.00","6.15","3.14"
"2023-08-22","MLA19638753","Jabón Líquido Para Diluir Skip Bio-enzimas Tecnologia Superior En Limpieza Y Cuidado 500 Ml","Hogar, Muebles y Jardín","2260.00","6.15","3.11"
"2023-08-23","MLA19638753","Jabón Líquido Para Diluir Skip Bio-enzimas Tecnologia Superior En Limpieza Y Cuidado 500 Ml","Hogar, Muebles y Jardín","2127.20","5.79","2.89"
"2023-08-24","MLA19638753","Jabón Líquido Para Diluir Skip Bio-enzimas Tecnologia Superior En Limpieza Y Cuidado 500 Ml","Hogar, Muebles y Jardín","2127.20","5.79","2.89"
"2023-08-25","MLA19638753","Jabón Líquido Para Diluir Skip Bio-enzimas Tecnologia Superior En Limpieza Y Cuidado 500 Ml","Hogar, Muebles y Jardín","2127.20","5.79","2.89"
"2023-08-26","MLA19638753","Jabón Líquido Para Diluir Skip Bio-enzimas Tecnologia Superior En Limpieza Y Cuidado 500 Ml","Hogar, Muebles y Jardín","1965.00","5.35","2.69"
"2023-08-27","MLA19638753","Jabón Líquido Para Diluir Skip Bio-enzimas Tecnologia Superior En Limpieza Y Cuidado 500 Ml","Hogar, Muebles y Jardín","1965.00","5.35","2.69"
"2023-08-09","MLA19731792","Termo Stanley 950ml Manija Pico Cebador Negro","Deportes y Fitness","41364.00","139.18","68.94"
"2023-08-10","MLA19731792","Termo Stanley 950ml Manija Pico Cebador Negro","Deportes y Fitness","42898.90","143.88","71.26"
"2023-08-11","MLA19731792","Termo Stanley 950ml Manija Pico Cebador Negro","Deportes y Fitness","41460.00","138.32","68.53"
"2023-08-12","MLA19731792","Termo Stanley 950ml Manija Pico Cebador Negro","Deportes y Fitness","41881.00","139.73","69.22"
"2023-08-13","MLA19731792","Termo Stanley 950ml Manija Pico Cebador Negro","Deportes y Fitness","41881.00","139.45","69.22"
"2023-08-14","MLA19731792","Termo Stanley 950ml Manija Pico Cebador Negro","Deportes y Fitness","44300.00","122.84","64.67"
"2023-08-15","MLA19731792","Termo Stanley 950ml Manija Pico Cebador Negro","Deportes y Fitness","44300.00","120.94","60.68"
"2023-08-16","MLA19731792","Termo Stanley 950ml Manija Pico Cebador Negro","Deportes y Fitness","44300.00","120.52","56.79"
"2023-08-17","MLA19731792","Termo Stanley 950ml Manija Pico Cebador Negro","Deportes y Fitness","44300.00","120.53","58.29"
"2023-08-18","MLA19731792","Termo Stanley 950ml Manija Pico Cebador Negro","Deportes y Fitness","44300.00","120.49","61.53"
"2023-08-19","MLA19731792","Termo Stanley 950ml Manija Pico Cebador Negro","Deportes y Fitness","44300.00","120.49","61.53"
"2023-08-20","MLA19731792","Termo Stanley 950ml Manija Pico Cebador Negro","Deportes y Fitness","44300.00","120.49","61.53"
"2023-08-21","MLA19731792","Termo Stanley 950ml Manija Pico Cebador Negro","Deportes y Fitness","44300.00","120.49","61.53"
"2023-08-22","MLA19731792","Termo Stanley 950ml Manija Pico Cebador Negro","Deportes y Fitness","44300.00","120.56","60.94"
"2023-08-23","MLA19731792","Termo Stanley 950ml Manija Pico Cebador Negro","Deportes y Fitness","51000.00","138.87","69.39"
"2023-08-24","MLA19731792","Termo Stanley 950ml Manija Pico Cebador Negro","Deportes y Fitness","51000.00","138.87","69.39"
"2023-08-25","MLA19731792","Termo Stanley 950ml Manija Pico Cebador Negro","Deportes y Fitness","51000.00","138.87","69.39"
"2023-08-26","MLA19731792","Termo Stanley 950ml Manija Pico Cebador Negro","Deportes y Fitness","49510.00","134.81","67.82"
"2023-08-27","MLA19731792","Termo Stanley 950ml Manija Pico Cebador Negro","Deportes y Fitness","49470.00","134.70","67.77"
"2023-08-09","MLA19785621","Detergente Cif Bioactive Limon Doypack X 450 Ml","Hogar, Muebles y Jardín","550.00","1.85","0.92"
"2023-08-10","MLA19785621","Detergente Cif Bioactive Limon Doypack X 450 Ml","Hogar, Muebles y Jardín","550.00","1.84","0.91"
"2023-08-11","MLA19785621","Detergente Cif Bioactive Limon Doypack X 450 Ml","Hogar, Muebles y Jardín","550.00","1.83","0.91"
"2023-08-12","MLA19785621","Detergente Cif Bioactive Limon Doypack X 450 Ml","Hogar, Muebles y Jardín","550.00","1.83","0.91"
"2023-08-13","MLA19785621","Detergente Cif Bioactive Limon Doypack X 450 Ml","Hogar, Muebles y Jardín","550.00","1.83","0.91"
"2023-08-14","MLA19785621","Detergente Cif Bioactive Limon Doypack X 450 Ml","Hogar, Muebles y Jardín","740.65","2.05","1.08"
"2023-08-15","MLA19785621","Detergente Cif Bioactive Limon Doypack X 450 Ml","Hogar, Muebles y Jardín","785.00","2.14","1.08"
"2023-08-16","MLA19785621","Detergente Cif Bioactive Limon Doypack X 450 Ml","Hogar, Muebles y Jardín","832.35","2.26","1.07"
"2023-08-17","MLA19785621","Detergente Cif Bioactive Limon Doypack X 450 Ml","Hogar, Muebles y Jardín","832.35","2.26","1.10"
"2023-08-18","MLA19785621","Detergente Cif Bioactive Limon Doypack X 450 Ml","Hogar, Muebles y Jardín","999.00","2.72","1.39"
"2023-08-19","MLA19785621","Detergente Cif Bioactive Limon Doypack X 450 Ml","Hogar, Muebles y Jardín","999.00","2.72","1.39"
"2023-08-20","MLA19785621","Detergente Cif Bioactive Limon Doypack X 450 Ml","Hogar, Muebles y Jardín","999.00","2.72","1.39"
"2023-08-21","MLA19785621","Detergente Cif Bioactive Limon Doypack X 450 Ml","Hogar, Muebles y Jardín","999.00","2.72","1.39"
"2023-08-22","MLA19785621","Detergente Cif Bioactive Limon Doypack X 450 Ml","Hogar, Muebles y Jardín","999.00","2.72","1.37"
"2023-08-23","MLA19785621","Detergente Cif Bioactive Limon Doypack X 450 Ml","Hogar, Muebles y Jardín","999.00","2.72","1.36"
"2023-08-24","MLA19785621","Detergente Cif Bioactive Limon Doypack X 450 Ml","Hogar, Muebles y Jardín","999.00","2.72","1.36"
"2023-08-25","MLA19785621","Detergente Cif Bioactive Limon Doypack X 450 Ml","Hogar, Muebles y Jardín","999.00","2.72","1.36"
"2023-08-26","MLA19785621","Detergente Cif Bioactive Limon Doypack X 450 Ml","Hogar, Muebles y Jardín","990.00","2.70","1.36"
"2023-08-27","MLA19785621","Detergente Cif Bioactive Limon Doypack X 450 Ml","Hogar, Muebles y Jardín","990.00","2.70","1.36"
"2023-08-09","MLA19839481","Yerba Mate Canarias Sabor Tradicional 1kg","Alimentos y Bebidas","3279.00","11.03","5.47"
"2023-08-10","MLA19839481","Yerba Mate Canarias Sabor Tradicional 1kg","Alimentos y Bebidas","3279.00","11.00","5.45"
"2023-08-11","MLA19839481","Yerba Mate Canarias Sabor Tradicional 1kg","Alimentos y Bebidas","3289.00","10.97","5.44"
"2023-08-12","MLA19839481","Yerba Mate Canarias Sabor Tradicional 1kg","Alimentos y Bebidas","3250.00","10.84","5.37"
"2023-08-13","MLA19839481","Yerba Mate Canarias Sabor Tradicional 1kg","Alimentos y Bebidas","3250.00","10.82","5.37"
"2023-08-14","MLA19839481","Yerba Mate Canarias Sabor Tradicional 1kg","Alimentos y Bebidas","3399.00","9.42","4.96"
"2023-08-15","MLA19839481","Yerba Mate Canarias Sabor Tradicional 1kg","Alimentos y Bebidas","3649.00","9.96","5.00"
"2023-08-16","MLA19839481","Yerba Mate Canarias Sabor Tradicional 1kg","Alimentos y Bebidas","4046.00","11.01","5.19"
"2023-08-17","MLA19839481","Yerba Mate Canarias Sabor Tradicional 1kg","Alimentos y Bebidas","3999.00","10.88","5.26"
"2023-08-18","MLA19839481","Yerba Mate Canarias Sabor Tradicional 1kg","Alimentos y Bebidas","3999.00","10.88","5.55"
"2023-08-19","MLA19839481","Yerba Mate Canarias Sabor Tradicional 1kg","Alimentos y Bebidas","3999.00","10.88","5.55"
"2023-08-20","MLA19839481","Yerba Mate Canarias Sabor Tradicional 1kg","Alimentos y Bebidas","3999.00","10.88","5.55"
"2023-08-21","MLA19839481","Yerba Mate Canarias Sabor Tradicional 1kg","Alimentos y Bebidas","3964.00","10.78","5.51"
"2023-08-22","MLA19839481","Yerba Mate Canarias Sabor Tradicional 1kg","Alimentos y Bebidas","4199.00","11.43","5.78"
"2023-08-23","MLA19839481","Yerba Mate Canarias Sabor Tradicional 1kg","Alimentos y Bebidas","3915.00","10.66","5.33"
"2023-08-24","MLA19839481","Yerba Mate Canarias Sabor Tradicional 1kg","Alimentos y Bebidas","3915.00","10.66","5.33"
"2023-08-25","MLA19839481","Yerba Mate Canarias Sabor Tradicional 1kg","Alimentos y Bebidas","3915.00","10.66","5.33"
"2023-08-26","MLA19839481","Yerba Mate Canarias Sabor Tradicional 1kg","Alimentos y Bebidas","3866.00","10.53","5.30"
"2023-08-27","MLA19839481","Yerba Mate Canarias Sabor Tradicional 1kg","Alimentos y Bebidas","3866.00","10.53","5.30"
"2023-08-09","MLA19876927","Toalla Femenina Always Nocturna Máxima Protección Seca 16und","Belleza y Cuidado Personal","747.20","2.51","1.25"
"2023-08-10","MLA19876927","Toalla Femenina Always Nocturna Máxima Protección Seca 16und","Belleza y Cuidado Personal","747.20","2.51","1.24"
"2023-08-11","MLA19876927","Toalla Femenina Always Nocturna Máxima Protección Seca 16und","Belleza y Cuidado Personal","747.20","2.49","1.24"
"2023-08-12","MLA19876927","Toalla Femenina Always Nocturna Máxima Protección Seca 16und","Belleza y Cuidado Personal","747.20","2.49","1.24"
"2023-08-13","MLA19876927","Toalla Femenina Always Nocturna Máxima Protección Seca 16und","Belleza y Cuidado Personal","747.20","2.49","1.24"
"2023-08-14","MLA19876927","Toalla Femenina Always Nocturna Máxima Protección Seca 16und","Belleza y Cuidado Personal","747.20","2.07","1.09"
"2023-08-15","MLA19876927","Toalla Femenina Always Nocturna Máxima Protección Seca 16und","Belleza y Cuidado Personal","747.20","2.04","1.02"
"2023-08-16","MLA19876927","Toalla Femenina Always Nocturna Máxima Protección Seca 16und","Belleza y Cuidado Personal","747.20","2.03","0.96"
"2023-08-17","MLA19876927","Toalla Femenina Always Nocturna Máxima Protección Seca 16und","Belleza y Cuidado Personal","747.20","2.03","0.98"
"2023-08-18","MLA19876927","Toalla Femenina Always Nocturna Máxima Protección Seca 16und","Belleza y Cuidado Personal","747.20","2.03","1.04"
"2023-08-19","MLA19876927","Toalla Femenina Always Nocturna Máxima Protección Seca 16und","Belleza y Cuidado Personal","747.20","2.03","1.04"
"2023-08-20","MLA19876927","Toalla Femenina Always Nocturna Máxima Protección Seca 16und","Belleza y Cuidado Personal","747.20","2.03","1.04"
"2023-08-21","MLA19876927","Toalla Femenina Always Nocturna Máxima Protección Seca 16und","Belleza y Cuidado Personal","889.20","2.42","1.24"
"2023-08-22","MLA19876927","Toalla Femenina Always Nocturna Máxima Protección Seca 16und","Belleza y Cuidado Personal","889.20","2.42","1.22"
"2023-08-23","MLA19876927","Toalla Femenina Always Nocturna Máxima Protección Seca 16und","Belleza y Cuidado Personal","889.20","2.42","1.21"
"2023-08-24","MLA19876927","Toalla Femenina Always Nocturna Máxima Protección Seca 16und","Belleza y Cuidado Personal","889.20","2.42","1.21"
"2023-08-25","MLA19876927","Toalla Femenina Always Nocturna Máxima Protección Seca 16und","Belleza y Cuidado Personal","889.20","2.42","1.21"
"2023-08-26","MLA19876927","Toalla Femenina Always Nocturna Máxima Protección Seca 16und","Belleza y Cuidado Personal","889.20","2.42","1.22"
"2023-08-27","MLA19876927","Toalla Femenina Always Nocturna Máxima Protección Seca 16und","Belleza y Cuidado Personal","889.20","2.42","1.22"
"2023-08-09","MLA19937131","Fideos Tallarín Matarazzo 500g","Alimentos y Bebidas","799.99","2.69","1.33"
"2023-08-10","MLA19937131","Fideos Tallarín Matarazzo 500g","Alimentos y Bebidas","825.00","2.77","1.37"
"2023-08-11","MLA19937131","Fideos Tallarín Matarazzo 500g","Alimentos y Bebidas","791.00","2.64","1.31"
"2023-08-12","MLA19937131","Fideos Tallarín Matarazzo 500g","Alimentos y Bebidas","791.00","2.64","1.31"
"2023-08-13","MLA19937131","Fideos Tallarín Matarazzo 500g","Alimentos y Bebidas","876.00","2.92","1.45"
"2023-08-14","MLA19937131","Fideos Tallarín Matarazzo 500g","Alimentos y Bebidas","876.00","2.43","1.28"
"2023-08-15","MLA19937131","Fideos Tallarín Matarazzo 500g","Alimentos y Bebidas","876.00","2.39","1.20"
"2023-08-16","MLA19937131","Fideos Tallarín Matarazzo 500g","Alimentos y Bebidas","995.00","2.71","1.28"
"2023-08-17","MLA19937131","Fideos Tallarín Matarazzo 500g","Alimentos y Bebidas","995.00","2.71","1.31"
"2023-08-18","MLA19937131","Fideos Tallarín Matarazzo 500g","Alimentos y Bebidas","995.00","2.71","1.38"
"2023-08-19","MLA19937131","Fideos Tallarín Matarazzo 500g","Alimentos y Bebidas","995.00","2.71","1.38"
"2023-08-20","MLA19937131","Fideos Tallarín Matarazzo 500g","Alimentos y Bebidas","995.00","2.71","1.38"
"2023-08-21","MLA19937131","Fideos Tallarín Matarazzo 500g","Alimentos y Bebidas","995.00","2.71","1.38"
"2023-08-22","MLA19937131","Fideos Tallarín Matarazzo 500g","Alimentos y Bebidas","995.00","2.71","1.37"
"2023-08-23","MLA19937131","Fideos Tallarín Matarazzo 500g","Alimentos y Bebidas","885.00","2.41","1.20"
"2023-08-24","MLA19937131","Fideos Tallarín Matarazzo 500g","Alimentos y Bebidas","885.00","2.41","1.20"
"2023-08-25","MLA19937131","Fideos Tallarín Matarazzo 500g","Alimentos y Bebidas","885.00","2.41","1.20"
"2023-08-26","MLA19937131","Fideos Tallarín Matarazzo 500g","Alimentos y Bebidas","885.00","2.41","1.21"
"2023-08-27","MLA19937131","Fideos Tallarín Matarazzo 500g","Alimentos y Bebidas","885.00","2.41","1.21"
"2023-08-09","MLA19944508","La Virginia Cafe Tostado Grano Puro Aroma X 500 Gr","Alimentos y Bebidas","3238.00","10.90","5.40"
"2023-08-10","MLA19944508","La Virginia Cafe Tostado Grano Puro Aroma X 500 Gr","Alimentos y Bebidas","3238.00","10.86","5.38"
"2023-08-11","MLA19944508","La Virginia Cafe Tostado Grano Puro Aroma X 500 Gr","Alimentos y Bebidas","3238.00","10.80","5.35"
"2023-08-12","MLA19944508","La Virginia Cafe Tostado Grano Puro Aroma X 500 Gr","Alimentos y Bebidas","3168.00","10.57","5.24"
"2023-08-13","MLA19944508","La Virginia Cafe Tostado Grano Puro Aroma X 500 Gr","Alimentos y Bebidas","3168.00","10.55","5.24"
"2023-08-14","MLA19944508","La Virginia Cafe Tostado Grano Puro Aroma X 500 Gr","Alimentos y Bebidas","3899.00","10.81","5.69"
"2023-08-15","MLA19944508","La Virginia Cafe Tostado Grano Puro Aroma X 500 Gr","Alimentos y Bebidas","3990.00","10.89","5.47"
"2023-08-16","MLA19944508","La Virginia Cafe Tostado Grano Puro Aroma X 500 Gr","Alimentos y Bebidas","4200.00","11.43","5.38"
"2023-08-17","MLA19944508","La Virginia Cafe Tostado Grano Puro Aroma X 500 Gr","Alimentos y Bebidas","3800.00","10.34","5.00"
"2023-08-18","MLA19944508","La Virginia Cafe Tostado Grano Puro Aroma X 500 Gr","Alimentos y Bebidas","3990.00","10.85","5.54"
"2023-08-19","MLA19944508","La Virginia Cafe Tostado Grano Puro Aroma X 500 Gr","Alimentos y Bebidas","3885.00","10.57","5.40"
"2023-08-20","MLA19944508","La Virginia Cafe Tostado Grano Puro Aroma X 500 Gr","Alimentos y Bebidas","3885.00","10.57","5.40"
"2023-08-21","MLA19944508","La Virginia Cafe Tostado Grano Puro Aroma X 500 Gr","Alimentos y Bebidas","4209.00","11.45","5.85"
"2023-08-22","MLA19944508","La Virginia Cafe Tostado Grano Puro Aroma X 500 Gr","Alimentos y Bebidas","4209.00","11.45","5.79"
"2023-08-23","MLA19944508","La Virginia Cafe Tostado Grano Puro Aroma X 500 Gr","Alimentos y Bebidas","4209.00","11.46","5.73"
"2023-08-24","MLA19944508","La Virginia Cafe Tostado Grano Puro Aroma X 500 Gr","Alimentos y Bebidas","4209.00","11.46","5.73"
"2023-08-25","MLA19944508","La Virginia Cafe Tostado Grano Puro Aroma X 500 Gr","Alimentos y Bebidas","4209.00","11.46","5.73"
"2023-08-26","MLA19944508","La Virginia Cafe Tostado Grano Puro Aroma X 500 Gr","Alimentos y Bebidas","3400.00","9.26","4.66"
"2023-08-27","MLA19944508","La Virginia Cafe Tostado Grano Puro Aroma X 500 Gr","Alimentos y Bebidas","3400.00","9.26","4.66"
"2023-08-09","MLA19945468","Rollo Cocina 200 Paños Elegante Gigante Doble Hoja","Hogar, Muebles y Jardín","489.00","1.65","0.82"
"2023-08-10","MLA19945468","Rollo Cocina 200 Paños Elegante Gigante Doble Hoja","Hogar, Muebles y Jardín","489.00","1.64","0.81"
"2023-08-11","MLA19945468","Rollo Cocina 200 Paños Elegante Gigante Doble Hoja","Hogar, Muebles y Jardín","489.00","1.63","0.81"
"2023-08-12","MLA19945468","Rollo Cocina 200 Paños Elegante Gigante Doble Hoja","Hogar, Muebles y Jardín","489.00","1.63","0.81"
"2023-08-13","MLA19945468","Rollo Cocina 200 Paños Elegante Gigante Doble Hoja","Hogar, Muebles y Jardín","489.00","1.63","0.81"
"2023-08-14","MLA19945468","Rollo Cocina 200 Paños Elegante Gigante Doble Hoja","Hogar, Muebles y Jardín","690.00","1.91","1.01"
"2023-08-15","MLA19945468","Rollo Cocina 200 Paños Elegante Gigante Doble Hoja","Hogar, Muebles y Jardín","800.00","2.18","1.10"
"2023-08-16","MLA19945468","Rollo Cocina 200 Paños Elegante Gigante Doble Hoja","Hogar, Muebles y Jardín","800.00","2.18","1.03"
"2023-08-17","MLA19945468","Rollo Cocina 200 Paños Elegante Gigante Doble Hoja","Hogar, Muebles y Jardín","763.00","2.08","1.00"
"2023-08-18","MLA19945468","Rollo Cocina 200 Paños Elegante Gigante Doble Hoja","Hogar, Muebles y Jardín","763.00","2.08","1.06"
"2023-08-19","MLA19945468","Rollo Cocina 200 Paños Elegante Gigante Doble Hoja","Hogar, Muebles y Jardín","763.00","2.08","1.06"
"2023-08-20","MLA19945468","Rollo Cocina 200 Paños Elegante Gigante Doble Hoja","Hogar, Muebles y Jardín","763.00","2.08","1.06"
"2023-08-21","MLA19945468","Rollo Cocina 200 Paños Elegante Gigante Doble Hoja","Hogar, Muebles y Jardín","763.00","2.08","1.06"
"2023-08-22","MLA19945468","Rollo Cocina 200 Paños Elegante Gigante Doble Hoja","Hogar, Muebles y Jardín","763.00","2.08","1.05"
"2023-08-23","MLA19945468","Rollo Cocina 200 Paños Elegante Gigante Doble Hoja","Hogar, Muebles y Jardín","763.00","2.08","1.04"
"2023-08-24","MLA19945468","Rollo Cocina 200 Paños Elegante Gigante Doble Hoja","Hogar, Muebles y Jardín","763.00","2.08","1.04"
"2023-08-25","MLA19945468","Rollo Cocina 200 Paños Elegante Gigante Doble Hoja","Hogar, Muebles y Jardín","763.00","2.08","1.04"
"2023-08-26","MLA19945468","Rollo Cocina 200 Paños Elegante Gigante Doble Hoja","Hogar, Muebles y Jardín","763.00","2.08","1.05"
"2023-08-27","MLA19945468","Rollo Cocina 200 Paños Elegante Gigante Doble Hoja","Hogar, Muebles y Jardín","763.00","2.08","1.05"
"2023-08-09","MLA19953616","Licuadora De Vaso Philco Li8445pp 400w 2 Vel + Pulso","Electrodomésticos y Aires Ac.","14999.00","50.47","25.00"
"2023-08-10","MLA19953616","Licuadora De Vaso Philco Li8445pp 400w 2 Vel + Pulso","Electrodomésticos y Aires Ac.","15998.95","53.66","26.58"
"2023-08-11","MLA19953616","Licuadora De Vaso Philco Li8445pp 400w 2 Vel + Pulso","Electrodomésticos y Aires Ac.","15998.95","53.38","26.44"
"2023-08-12","MLA19953616","Licuadora De Vaso Philco Li8445pp 400w 2 Vel + Pulso","Electrodomésticos y Aires Ac.","15998.95","53.38","26.44"
"2023-08-13","MLA19953616","Licuadora De Vaso Philco Li8445pp 400w 2 Vel + Pulso","Electrodomésticos y Aires Ac.","15499.00","51.60","25.62"
"2023-08-14","MLA19953616","Licuadora De Vaso Philco Li8445pp 400w 2 Vel + Pulso","Electrodomésticos y Aires Ac.","16490.00","45.72","24.07"
"2023-08-15","MLA19953616","Licuadora De Vaso Philco Li8445pp 400w 2 Vel + Pulso","Electrodomésticos y Aires Ac.","18599.00","50.78","25.48"
"2023-08-16","MLA19953616","Licuadora De Vaso Philco Li8445pp 400w 2 Vel + Pulso","Electrodomésticos y Aires Ac.","20939.00","56.96","26.84"
"2023-08-17","MLA19953616","Licuadora De Vaso Philco Li8445pp 400w 2 Vel + Pulso","Electrodomésticos y Aires Ac.","20329.00","55.31","26.75"
"2023-08-18","MLA19953616","Licuadora De Vaso Philco Li8445pp 400w 2 Vel + Pulso","Electrodomésticos y Aires Ac.","20329.00","55.29","28.23"
"2023-08-19","MLA19953616","Licuadora De Vaso Philco Li8445pp 400w 2 Vel + Pulso","Electrodomésticos y Aires Ac.","20200.00","54.94","28.06"
"2023-08-20","MLA19953616","Licuadora De Vaso Philco Li8445pp 400w 2 Vel + Pulso","Electrodomésticos y Aires Ac.","20328.00","55.29","28.23"
"2023-08-21","MLA19953616","Licuadora De Vaso Philco Li8445pp 400w 2 Vel + Pulso","Electrodomésticos y Aires Ac.","20328.00","55.29","28.23"
"2023-08-22","MLA19953616","Licuadora De Vaso Philco Li8445pp 400w 2 Vel + Pulso","Electrodomésticos y Aires Ac.","19059.00","51.87","26.22"
"2023-08-23","MLA19953616","Licuadora De Vaso Philco Li8445pp 400w 2 Vel + Pulso","Electrodomésticos y Aires Ac.","19312.00","52.59","26.27"
"2023-08-24","MLA19953616","Licuadora De Vaso Philco Li8445pp 400w 2 Vel + Pulso","Electrodomésticos y Aires Ac.","19312.00","52.59","26.27"
"2023-08-25","MLA19953616","Licuadora De Vaso Philco Li8445pp 400w 2 Vel + Pulso","Electrodomésticos y Aires Ac.","19312.00","52.59","26.27"
"2023-08-26","MLA19953616","Licuadora De Vaso Philco Li8445pp 400w 2 Vel + Pulso","Electrodomésticos y Aires Ac.","19299.00","52.55","26.44"
"2023-08-27","MLA19953616","Licuadora De Vaso Philco Li8445pp 400w 2 Vel + Pulso","Electrodomésticos y Aires Ac.","18999.00","51.73","26.03"
"2023-08-09","MLA19956264","Coca Cola Original 2,25 Litros Botella Grande Gaseosa Sabor","Alimentos y Bebidas","891.00","3.00","1.49"
"2023-08-10","MLA19956264","Coca Cola Original 2,25 Litros Botella Grande Gaseosa Sabor","Alimentos y Bebidas","891.00","2.99","1.48"
"2023-08-11","MLA19956264","Coca Cola Original 2,25 Litros Botella Grande Gaseosa Sabor","Alimentos y Bebidas","891.00","2.97","1.47"
"2023-08-12","MLA19956264","Coca Cola Original 2,25 Litros Botella Grande Gaseosa Sabor","Alimentos y Bebidas","891.00","2.97","1.47"
"2023-08-13","MLA19956264","Coca Cola Original 2,25 Litros Botella Grande Gaseosa Sabor","Alimentos y Bebidas","891.00","2.97","1.47"
"2023-08-14","MLA19956264","Coca Cola Original 2,25 Litros Botella Grande Gaseosa Sabor","Alimentos y Bebidas","891.00","2.47","1.30"
"2023-08-15","MLA19956264","Coca Cola Original 2,25 Litros Botella Grande Gaseosa Sabor","Alimentos y Bebidas","891.00","2.43","1.22"
"2023-08-16","MLA19956264","Coca Cola Original 2,25 Litros Botella Grande Gaseosa Sabor","Alimentos y Bebidas","891.00","2.42","1.14"
"2023-08-17","MLA19956264","Coca Cola Original 2,25 Litros Botella Grande Gaseosa Sabor","Alimentos y Bebidas","949.00","2.58","1.25"
"2023-08-18","MLA19956264","Coca Cola Original 2,25 Litros Botella Grande Gaseosa Sabor","Alimentos y Bebidas","949.00","2.58","1.32"
"2023-08-19","MLA19956264","Coca Cola Original 2,25 Litros Botella Grande Gaseosa Sabor","Alimentos y Bebidas","949.00","2.58","1.32"
"2023-08-20","MLA19956264","Coca Cola Original 2,25 Litros Botella Grande Gaseosa Sabor","Alimentos y Bebidas","949.00","2.58","1.32"
"2023-08-21","MLA19956264","Coca Cola Original 2,25 Litros Botella Grande Gaseosa Sabor","Alimentos y Bebidas","949.00","2.58","1.32"
"2023-08-22","MLA19956264","Coca Cola Original 2,25 Litros Botella Grande Gaseosa Sabor","Alimentos y Bebidas","949.00","2.58","1.31"
"2023-08-23","MLA19956264","Coca Cola Original 2,25 Litros Botella Grande Gaseosa Sabor","Alimentos y Bebidas","949.00","2.58","1.29"
"2023-08-24","MLA19956264","Coca Cola Original 2,25 Litros Botella Grande Gaseosa Sabor","Alimentos y Bebidas","949.00","2.58","1.29"
"2023-08-25","MLA19956264","Coca Cola Original 2,25 Litros Botella Grande Gaseosa Sabor","Alimentos y Bebidas","949.00","2.58","1.29"
"2023-08-26","MLA19956264","Coca Cola Original 2,25 Litros Botella Grande Gaseosa Sabor","Alimentos y Bebidas","949.00","2.58","1.30"
"2023-08-27","MLA19956264","Coca Cola Original 2,25 Litros Botella Grande Gaseosa Sabor","Alimentos y Bebidas","949.00","2.58","1.30"
"2023-08-09","MLA19964512","Fideos Tallarín Don Vicente 500g","Alimentos y Bebidas","526.00","1.77","0.88"
"2023-08-10","MLA19964512","Fideos Tallarín Don Vicente 500g","Alimentos y Bebidas","526.00","1.76","0.87"
"2023-08-11","MLA19964512","Fideos Tallarín Don Vicente 500g","Alimentos y Bebidas","526.00","1.75","0.87"
"2023-08-12","MLA19964512","Fideos Tallarín Don Vicente 500g","Alimentos y Bebidas","526.00","1.75","0.87"
"2023-08-13","MLA19964512","Fideos Tallarín Don Vicente 500g","Alimentos y Bebidas","891.00","2.97","1.47"
"2023-08-14","MLA19964512","Fideos Tallarín Don Vicente 500g","Alimentos y Bebidas","900.00","2.50","1.31"
"2023-08-15","MLA19964512","Fideos Tallarín Don Vicente 500g","Alimentos y Bebidas","900.00","2.46","1.23"
"2023-08-16","MLA19964512","Fideos Tallarín Don Vicente 500g","Alimentos y Bebidas","1110.00","3.02","1.42"
"2023-08-17","MLA19964512","Fideos Tallarín Don Vicente 500g","Alimentos y Bebidas","1110.00","3.02","1.46"
"2023-08-18","MLA19964512","Fideos Tallarín Don Vicente 500g","Alimentos y Bebidas","1110.00","3.02","1.54"
"2023-08-19","MLA19964512","Fideos Tallarín Don Vicente 500g","Alimentos y Bebidas","1110.00","3.02","1.54"
"2023-08-20","MLA19964512","Fideos Tallarín Don Vicente 500g","Alimentos y Bebidas","1110.00","3.02","1.54"
"2023-08-21","MLA19964512","Fideos Tallarín Don Vicente 500g","Alimentos y Bebidas","1110.00","3.02","1.54"
"2023-08-22","MLA19964512","Fideos Tallarín Don Vicente 500g","Alimentos y Bebidas","629.99","1.71","0.87"
"2023-08-23","MLA19964512","Fideos Tallarín Don Vicente 500g","Alimentos y Bebidas","629.99","1.72","0.86"
"2023-08-24","MLA19964512","Fideos Tallarín Don Vicente 500g","Alimentos y Bebidas","629.99","1.72","0.86"
"2023-08-25","MLA19964512","Fideos Tallarín Don Vicente 500g","Alimentos y Bebidas","629.99","1.72","0.86"
"2023-08-26","MLA19964512","Fideos Tallarín Don Vicente 500g","Alimentos y Bebidas","629.99","1.72","0.86"
"2023-08-27","MLA19964512","Fideos Tallarín Don Vicente 500g","Alimentos y Bebidas","629.99","1.72","0.86"
"2023-08-09","MLA20081216","Dulce De Leche Clásico La Serenísima 400 Gr","Alimentos y Bebidas","623.00","2.10","1.04"
"2023-08-10","MLA20081216","Dulce De Leche Clásico La Serenísima 400 Gr","Alimentos y Bebidas","623.00","2.09","1.03"
"2023-08-11","MLA20081216","Dulce De Leche Clásico La Serenísima 400 Gr","Alimentos y Bebidas","1470.00","4.90","2.43"
"2023-08-12","MLA20081216","Dulce De Leche Clásico La Serenísima 400 Gr","Alimentos y Bebidas","1470.00","4.90","2.43"
"2023-08-13","MLA20081216","Dulce De Leche Clásico La Serenísima 400 Gr","Alimentos y Bebidas","1267.00","4.22","2.09"
"2023-08-14","MLA20081216","Dulce De Leche Clásico La Serenísima 400 Gr","Alimentos y Bebidas","1267.00","3.51","1.85"
"2023-08-15","MLA20081216","Dulce De Leche Clásico La Serenísima 400 Gr","Alimentos y Bebidas","1267.00","3.46","1.74"
"2023-08-16","MLA20081216","Dulce De Leche Clásico La Serenísima 400 Gr","Alimentos y Bebidas","1267.00","3.45","1.62"
"2023-08-17","MLA20081216","Dulce De Leche Clásico La Serenísima 400 Gr","Alimentos y Bebidas","1267.00","3.45","1.67"
"2023-08-18","MLA20081216","Dulce De Leche Clásico La Serenísima 400 Gr","Alimentos y Bebidas","655.00","1.78","0.91"
"2023-08-19","MLA20081216","Dulce De Leche Clásico La Serenísima 400 Gr","Alimentos y Bebidas","651.00","1.77","0.90"
"2023-08-20","MLA20081216","Dulce De Leche Clásico La Serenísima 400 Gr","Alimentos y Bebidas","651.00","1.77","0.90"
"2023-08-21","MLA20081216","Dulce De Leche Clásico La Serenísima 400 Gr","Alimentos y Bebidas","651.00","1.77","0.90"
"2023-08-22","MLA20081216","Dulce De Leche Clásico La Serenísima 400 Gr","Alimentos y Bebidas","651.00","1.77","0.90"
"2023-08-23","MLA20081216","Dulce De Leche Clásico La Serenísima 400 Gr","Alimentos y Bebidas","651.00","1.77","0.89"
"2023-08-24","MLA20081216","Dulce De Leche Clásico La Serenísima 400 Gr","Alimentos y Bebidas","651.00","1.77","0.89"
"2023-08-25","MLA20081216","Dulce De Leche Clásico La Serenísima 400 Gr","Alimentos y Bebidas","651.00","1.77","0.89"
"2023-08-26","MLA20081216","Dulce De Leche Clásico La Serenísima 400 Gr","Alimentos y Bebidas","1521.00","4.14","2.08"
"2023-08-27","MLA20081216","Dulce De Leche Clásico La Serenísima 400 Gr","Alimentos y Bebidas","1521.00","4.14","2.08"
"2023-08-09","MLA20719337","Fideos Tirabuzón Lucchetti 500g","Alimentos y Bebidas","219.00","0.74","0.37"
"2023-08-10","MLA20719337","Fideos Tirabuzón Lucchetti 500g","Alimentos y Bebidas","219.00","0.73","0.36"
"2023-08-11","MLA20719337","Fideos Tirabuzón Lucchetti 500g","Alimentos y Bebidas","219.00","0.73","0.36"
"2023-08-12","MLA20719337","Fideos Tirabuzón Lucchetti 500g","Alimentos y Bebidas","219.00","0.73","0.36"
"2023-08-13","MLA20719337","Fideos Tirabuzón Lucchetti 500g","Alimentos y Bebidas","292.00","0.97","0.48"
"2023-08-14","MLA20719337","Fideos Tirabuzón Lucchetti 500g","Alimentos y Bebidas","292.00","0.81","0.43"
"2023-08-15","MLA20719337","Fideos Tirabuzón Lucchetti 500g","Alimentos y Bebidas","292.00","0.80","0.40"
"2023-08-16","MLA20719337","Fideos Tirabuzón Lucchetti 500g","Alimentos y Bebidas","723.00","1.97","0.93"
"2023-08-17","MLA20719337","Fideos Tirabuzón Lucchetti 500g","Alimentos y Bebidas","723.00","1.97","0.95"
"2023-08-18","MLA20719337","Fideos Tirabuzón Lucchetti 500g","Alimentos y Bebidas","723.00","1.97","1.00"
"2023-08-19","MLA20719337","Fideos Tirabuzón Lucchetti 500g","Alimentos y Bebidas","723.00","1.97","1.00"
"2023-08-20","MLA20719337","Fideos Tirabuzón Lucchetti 500g","Alimentos y Bebidas","723.00","1.97","1.00"
"2023-08-21","MLA20719337","Fideos Tirabuzón Lucchetti 500g","Alimentos y Bebidas","723.00","1.97","1.00"
"2023-08-22","MLA20719337","Fideos Tirabuzón Lucchetti 500g","Alimentos y Bebidas","723.00","1.97","0.99"
"2023-08-23","MLA20719337","Fideos Tirabuzón Lucchetti 500g","Alimentos y Bebidas","307.99","0.84","0.42"
"2023-08-24","MLA20719337","Fideos Tirabuzón Lucchetti 500g","Alimentos y Bebidas","307.99","0.84","0.42"
"2023-08-25","MLA20719337","Fideos Tirabuzón Lucchetti 500g","Alimentos y Bebidas","307.99","0.84","0.42"
"2023-08-26","MLA20719337","Fideos Tirabuzón Lucchetti 500g","Alimentos y Bebidas","307.99","0.84","0.42"
"2023-08-27","MLA20719337","Fideos Tirabuzón Lucchetti 500g","Alimentos y Bebidas","307.99","0.84","0.42"
"2023-08-09","MLA20719496","Jabon En Barra Lux Botanicals Jazmin Cremoso 3 Un X 125 Gr","Belleza y Cuidado Personal","689.00","2.32","1.15"
"2023-08-10","MLA20719496","Jabon En Barra Lux Botanicals Jazmin Cremoso 3 Un X 125 Gr","Belleza y Cuidado Personal","689.00","2.31","1.14"
"2023-08-11","MLA20719496","Jabon En Barra Lux Botanicals Jazmin Cremoso 3 Un X 125 Gr","Belleza y Cuidado Personal","689.00","2.30","1.14"
"2023-08-12","MLA20719496","Jabon En Barra Lux Botanicals Jazmin Cremoso 3 Un X 125 Gr","Belleza y Cuidado Personal","689.00","2.30","1.14"
"2023-08-13","MLA20719496","Jabon En Barra Lux Botanicals Jazmin Cremoso 3 Un X 125 Gr","Belleza y Cuidado Personal","689.00","2.29","1.14"
"2023-08-14","MLA20719496","Jabon En Barra Lux Botanicals Jazmin Cremoso 3 Un X 125 Gr","Belleza y Cuidado Personal","875.00","2.43","1.28"
"2023-08-15","MLA20719496","Jabon En Barra Lux Botanicals Jazmin Cremoso 3 Un X 125 Gr","Belleza y Cuidado Personal","875.00","2.39","1.20"
"2023-08-16","MLA20719496","Jabon En Barra Lux Botanicals Jazmin Cremoso 3 Un X 125 Gr","Belleza y Cuidado Personal","1219.00","3.32","1.56"
"2023-08-17","MLA20719496","Jabon En Barra Lux Botanicals Jazmin Cremoso 3 Un X 125 Gr","Belleza y Cuidado Personal","548.90","1.49","0.72"
"2023-08-18","MLA20719496","Jabon En Barra Lux Botanicals Jazmin Cremoso 3 Un X 125 Gr","Belleza y Cuidado Personal","548.90","1.49","0.76"
"2023-08-19","MLA20719496","Jabon En Barra Lux Botanicals Jazmin Cremoso 3 Un X 125 Gr","Belleza y Cuidado Personal","548.90","1.49","0.76"
"2023-08-20","MLA20719496","Jabon En Barra Lux Botanicals Jazmin Cremoso 3 Un X 125 Gr","Belleza y Cuidado Personal","548.90","1.49","0.76"
"2023-08-21","MLA20719496","Jabon En Barra Lux Botanicals Jazmin Cremoso 3 Un X 125 Gr","Belleza y Cuidado Personal","548.90","1.49","0.76"
"2023-08-22","MLA20719496","Jabon En Barra Lux Botanicals Jazmin Cremoso 3 Un X 125 Gr","Belleza y Cuidado Personal","548.90","1.49","0.76"
"2023-08-23","MLA20719496","Jabon En Barra Lux Botanicals Jazmin Cremoso 3 Un X 125 Gr","Belleza y Cuidado Personal","833.00","2.27","1.13"
"2023-08-24","MLA20719496","Jabon En Barra Lux Botanicals Jazmin Cremoso 3 Un X 125 Gr","Belleza y Cuidado Personal","833.00","2.27","1.13"
"2023-08-25","MLA20719496","Jabon En Barra Lux Botanicals Jazmin Cremoso 3 Un X 125 Gr","Belleza y Cuidado Personal","833.00","2.27","1.13"
"2023-08-26","MLA20719496","Jabon En Barra Lux Botanicals Jazmin Cremoso 3 Un X 125 Gr","Belleza y Cuidado Personal","1093.00","2.98","1.50"
"2023-08-27","MLA20719496","Jabon En Barra Lux Botanicals Jazmin Cremoso 3 Un X 125 Gr","Belleza y Cuidado Personal","1093.00","2.98","1.50"
"2023-08-09","MLA20723828","Atun Al Natural La Campagnola X170g","Alimentos y Bebidas","1539.00","5.18","2.57"
"2023-08-10","MLA20723828","Atun Al Natural La Campagnola X170g","Alimentos y Bebidas","1539.00","5.16","2.56"
"2023-08-11","MLA20723828","Atun Al Natural La Campagnola X170g","Alimentos y Bebidas","1539.00","5.13","2.54"
"2023-08-12","MLA20723828","Atun Al Natural La Campagnola X170g","Alimentos y Bebidas","1539.00","5.13","2.54"
"2023-08-13","MLA20723828","Atun Al Natural La Campagnola X170g","Alimentos y Bebidas","1539.00","5.12","2.54"
"2023-08-14","MLA20723828","Atun Al Natural La Campagnola X170g","Alimentos y Bebidas","1720.00","4.77","2.51"
"2023-08-15","MLA20723828","Atun Al Natural La Campagnola X170g","Alimentos y Bebidas","1720.00","4.70","2.36"
"2023-08-16","MLA20723828","Atun Al Natural La Campagnola X170g","Alimentos y Bebidas","1720.00","4.68","2.21"
"2023-08-17","MLA20723828","Atun Al Natural La Campagnola X170g","Alimentos y Bebidas","1720.00","4.68","2.26"
"2023-08-18","MLA20723828","Atun Al Natural La Campagnola X170g","Alimentos y Bebidas","1720.00","4.68","2.39"
"2023-08-19","MLA20723828","Atun Al Natural La Campagnola X170g","Alimentos y Bebidas","1720.00","4.68","2.39"
"2023-08-20","MLA20723828","Atun Al Natural La Campagnola X170g","Alimentos y Bebidas","1720.00","4.68","2.39"
"2023-08-21","MLA20723828","Atun Al Natural La Campagnola X170g","Alimentos y Bebidas","1720.00","4.68","2.39"
"2023-08-22","MLA20723828","Atun Al Natural La Campagnola X170g","Alimentos y Bebidas","1939.14","5.28","2.67"
"2023-08-23","MLA20723828","Atun Al Natural La Campagnola X170g","Alimentos y Bebidas","1939.14","5.28","2.64"
"2023-08-24","MLA20723828","Atun Al Natural La Campagnola X170g","Alimentos y Bebidas","1939.14","5.28","2.64"
"2023-08-25","MLA20723828","Atun Al Natural La Campagnola X170g","Alimentos y Bebidas","1939.14","5.28","2.64"
"2023-08-26","MLA20723828","Atun Al Natural La Campagnola X170g","Alimentos y Bebidas","1939.14","5.28","2.66"
"2023-08-27","MLA20723828","Atun Al Natural La Campagnola X170g","Alimentos y Bebidas","1939.14","5.28","2.66"
"2023-08-09","MLA20728389","Toallitas Femeninas Normal Con Alas Kotex X16 Unidades","Belleza y Cuidado Personal","881.00","2.96","1.47"
"2023-08-10","MLA20728389","Toallitas Femeninas Normal Con Alas Kotex X16 Unidades","Belleza y Cuidado Personal","881.00","2.95","1.46"
"2023-08-11","MLA20728389","Toallitas Femeninas Normal Con Alas Kotex X16 Unidades","Belleza y Cuidado Personal","881.00","2.94","1.46"
"2023-08-12","MLA20728389","Toallitas Femeninas Normal Con Alas Kotex X16 Unidades","Belleza y Cuidado Personal","881.00","2.94","1.46"
"2023-08-13","MLA20728389","Toallitas Femeninas Normal Con Alas Kotex X16 Unidades","Belleza y Cuidado Personal","881.00","2.93","1.46"
"2023-08-14","MLA20728389","Toallitas Femeninas Normal Con Alas Kotex X16 Unidades","Belleza y Cuidado Personal","950.00","2.63","1.39"
"2023-08-15","MLA20728389","Toallitas Femeninas Normal Con Alas Kotex X16 Unidades","Belleza y Cuidado Personal","1005.77","2.75","1.38"
"2023-08-16","MLA20728389","Toallitas Femeninas Normal Con Alas Kotex X16 Unidades","Belleza y Cuidado Personal","1005.77","2.74","1.29"
"2023-08-17","MLA20728389","Toallitas Femeninas Normal Con Alas Kotex X16 Unidades","Belleza y Cuidado Personal","1005.77","2.74","1.32"
"2023-08-18","MLA20728389","Toallitas Femeninas Normal Con Alas Kotex X16 Unidades","Belleza y Cuidado Personal","1093.00","2.97","1.52"
"2023-08-19","MLA20728389","Toallitas Femeninas Normal Con Alas Kotex X16 Unidades","Belleza y Cuidado Personal","1093.00","2.97","1.52"
"2023-08-20","MLA20728389","Toallitas Femeninas Normal Con Alas Kotex X16 Unidades","Belleza y Cuidado Personal","1093.00","2.97","1.52"
"2023-08-21","MLA20728389","Toallitas Femeninas Normal Con Alas Kotex X16 Unidades","Belleza y Cuidado Personal","1093.00","2.97","1.52"
"2023-08-22","MLA20728389","Toallitas Femeninas Normal Con Alas Kotex X16 Unidades","Belleza y Cuidado Personal","1093.00","2.97","1.50"
"2023-08-23","MLA20728389","Toallitas Femeninas Normal Con Alas Kotex X16 Unidades","Belleza y Cuidado Personal","1093.00","2.98","1.49"
"2023-08-24","MLA20728389","Toallitas Femeninas Normal Con Alas Kotex X16 Unidades","Belleza y Cuidado Personal","1093.00","2.98","1.49"
"2023-08-25","MLA20728389","Toallitas Femeninas Normal Con Alas Kotex X16 Unidades","Belleza y Cuidado Personal","1093.00","2.98","1.49"
"2023-08-26","MLA20728389","Toallitas Femeninas Normal Con Alas Kotex X16 Unidades","Belleza y Cuidado Personal","1093.00","2.98","1.50"
"2023-08-27","MLA20728389","Toallitas Femeninas Normal Con Alas Kotex X16 Unidades","Belleza y Cuidado Personal","1093.00","2.98","1.50"
"2023-08-09","MLA21024384","Samsung Galaxy A04 128 Gb  Negro 4 Gb Ram","Celulares y Teléfonos","79573.00","267.74","132.62"
"2023-08-10","MLA21024384","Samsung Galaxy A04 128 Gb  Negro 4 Gb Ram","Celulares y Teléfonos","79573.00","266.88","132.18"
"2023-08-11","MLA21024384","Samsung Galaxy A04 128 Gb  Negro 4 Gb Ram","Celulares y Teléfonos","76499.00","255.23","126.44"
"2023-08-12","MLA21024384","Samsung Galaxy A04 128 Gb  Negro 4 Gb Ram","Celulares y Teléfonos","79599.00","265.57","131.57"
"2023-08-13","MLA21024384","Samsung Galaxy A04 128 Gb  Negro 4 Gb Ram","Celulares y Teléfonos","79599.00","265.03","131.57"
"2023-08-14","MLA21024384","Samsung Galaxy A04 128 Gb  Negro 4 Gb Ram","Celulares y Teléfonos","99999.00","277.28","145.98"
"2023-08-15","MLA21024384","Samsung Galaxy A04 128 Gb  Negro 4 Gb Ram","Celulares y Teléfonos","104999.00","286.66","143.83"
"2023-08-16","MLA21024384","Samsung Galaxy A04 128 Gb  Negro 4 Gb Ram","Celulares y Teléfonos","101999.00","277.49","130.77"
"2023-08-17","MLA21024384","Samsung Galaxy A04 128 Gb  Negro 4 Gb Ram","Celulares y Teléfonos","107999.00","293.84","142.10"
"2023-08-18","MLA21024384","Samsung Galaxy A04 128 Gb  Negro 4 Gb Ram","Celulares y Teléfonos","106696.00","290.19","148.19"
"2023-08-19","MLA21024384","Samsung Galaxy A04 128 Gb  Negro 4 Gb Ram","Celulares y Teléfonos","103999.00","282.85","144.44"
"2023-08-20","MLA21024384","Samsung Galaxy A04 128 Gb  Negro 4 Gb Ram","Celulares y Teléfonos","103999.00","282.85","144.44"
"2023-08-21","MLA21024384","Samsung Galaxy A04 128 Gb  Negro 4 Gb Ram","Celulares y Teléfonos","103999.00","282.85","144.44"
"2023-08-22","MLA21024384","Samsung Galaxy A04 128 Gb  Negro 4 Gb Ram","Celulares y Teléfonos","91499.00","249.00","125.86"
"2023-08-23","MLA21024384","Samsung Galaxy A04 128 Gb  Negro 4 Gb Ram","Celulares y Teléfonos","91499.00","249.15","124.49"
"2023-08-24","MLA21024384","Samsung Galaxy A04 128 Gb  Negro 4 Gb Ram","Celulares y Teléfonos","91499.00","249.15","124.49"
"2023-08-25","MLA21024384","Samsung Galaxy A04 128 Gb  Negro 4 Gb Ram","Celulares y Teléfonos","91499.00","249.15","124.49"
"2023-08-26","MLA21024384","Samsung Galaxy A04 128 Gb  Negro 4 Gb Ram","Celulares y Teléfonos","98045.00","266.96","134.31"
"2023-08-27","MLA21024384","Samsung Galaxy A04 128 Gb  Negro 4 Gb Ram","Celulares y Teléfonos","79999.00","217.83","109.59"
"2023-08-09","MLA22262934","Celular Motorola Moto E13 64gb 2gb Ram Azul Turquesa ","Celulares y Teléfonos","50999.00","171.60","85.00"
"2023-08-10","MLA22262934","Celular Motorola Moto E13 64gb 2gb Ram Azul Turquesa ","Celulares y Teléfonos","50849.00","170.54","84.47"
"2023-08-11","MLA22262934","Celular Motorola Moto E13 64gb 2gb Ram Azul Turquesa ","Celulares y Teléfonos","52449.00","174.99","86.69"
"2023-08-12","MLA22262934","Celular Motorola Moto E13 64gb 2gb Ram Azul Turquesa ","Celulares y Teléfonos","50849.00","169.65","84.05"
"2023-08-13","MLA22262934","Celular Motorola Moto E13 64gb 2gb Ram Azul Turquesa ","Celulares y Teléfonos","50999.00","169.80","84.30"
"2023-08-14","MLA22262934","Celular Motorola Moto E13 64gb 2gb Ram Azul Turquesa ","Celulares y Teléfonos","81199.00","225.15","118.54"
"2023-08-15","MLA22262934","Celular Motorola Moto E13 64gb 2gb Ram Azul Turquesa ","Celulares y Teléfonos","73999.00","202.02","101.37"
"2023-08-16","MLA22262934","Celular Motorola Moto E13 64gb 2gb Ram Azul Turquesa ","Celulares y Teléfonos","72999.00","198.59","93.59"
"2023-08-17","MLA22262934","Celular Motorola Moto E13 64gb 2gb Ram Azul Turquesa ","Celulares y Teléfonos","70999.00","193.17","93.42"
"2023-08-18","MLA22262934","Celular Motorola Moto E13 64gb 2gb Ram Azul Turquesa ","Celulares y Teléfonos","50999.00","138.70","70.83"
"2023-08-19","MLA22262934","Celular Motorola Moto E13 64gb 2gb Ram Azul Turquesa ","Celulares y Teléfonos","50999.00","138.70","70.83"
"2023-08-20","MLA22262934","Celular Motorola Moto E13 64gb 2gb Ram Azul Turquesa ","Celulares y Teléfonos","50999.00","138.70","70.83"
"2023-08-21","MLA22262934","Celular Motorola Moto E13 64gb 2gb Ram Azul Turquesa ","Celulares y Teléfonos","50999.00","138.70","70.83"
"2023-08-22","MLA22262934","Celular Motorola Moto E13 64gb 2gb Ram Azul Turquesa ","Celulares y Teléfonos","67999.00","185.05","93.53"
"2023-08-23","MLA22262934","Celular Motorola Moto E13 64gb 2gb Ram Azul Turquesa ","Celulares y Teléfonos","67680.00","184.29","92.08"
"2023-08-24","MLA22262934","Celular Motorola Moto E13 64gb 2gb Ram Azul Turquesa ","Celulares y Teléfonos","67680.00","184.29","92.08"
"2023-08-25","MLA22262934","Celular Motorola Moto E13 64gb 2gb Ram Azul Turquesa ","Celulares y Teléfonos","67680.00","184.29","92.08"
"2023-08-26","MLA22262934","Celular Motorola Moto E13 64gb 2gb Ram Azul Turquesa ","Celulares y Teléfonos","70599.00","192.23","96.71"
"2023-08-27","MLA22262934","Celular Motorola Moto E13 64gb 2gb Ram Azul Turquesa ","Celulares y Teléfonos","70599.00","192.23","96.71"
"2023-08-09","MLA23414333","Pampers Premium Care - G - Sin Género - 72","Bebés","6749.00","22.71","11.25"
"2023-08-10","MLA23414333","Pampers Premium Care - G - Sin Género - 72","Bebés","6850.00","22.97","11.38"
"2023-08-11","MLA23414333","Pampers Premium Care - G - Sin Género - 72","Bebés","7600.00","25.36","12.56"
"2023-08-12","MLA23414333","Pampers Premium Care - G - Sin Género - 72","Bebés","7600.00","25.36","12.56"
"2023-08-13","MLA23414333","Pampers Premium Care - G - Sin Género - 72","Bebés","7600.00","25.30","12.56"
"2023-08-14","MLA23414333","Pampers Premium Care - G - Sin Género - 72","Bebés","7600.00","21.07","11.09"
"2023-08-15","MLA23414333","Pampers Premium Care - G - Sin Género - 72","Bebés","7990.00","21.81","10.95"
"2023-08-16","MLA23414333","Pampers Premium Care - G - Sin Género - 72","Bebés","8399.00","22.85","10.77"
"2023-08-17","MLA23414333","Pampers Premium Care - G - Sin Género - 72","Bebés","8399.00","22.85","11.05"
"2023-08-18","MLA23414333","Pampers Premium Care - G - Sin Género - 72","Bebés","7990.00","21.73","11.10"
"2023-08-19","MLA23414333","Pampers Premium Care - G - Sin Género - 72","Bebés","7990.00","21.73","11.10"
"2023-08-20","MLA23414333","Pampers Premium Care - G - Sin Género - 72","Bebés","8399.00","22.84","11.67"
"2023-08-21","MLA23414333","Pampers Premium Care - G - Sin Género - 72","Bebés","8399.00","22.84","11.67"
"2023-08-22","MLA23414333","Pampers Premium Care - G - Sin Género - 72","Bebés","8399.00","22.86","11.55"
"2023-08-23","MLA23414333","Pampers Premium Care - G - Sin Género - 72","Bebés","8399.00","22.87","11.43"
"2023-08-24","MLA23414333","Pampers Premium Care - G - Sin Género - 72","Bebés","8399.00","22.87","11.43"
"2023-08-25","MLA23414333","Pampers Premium Care - G - Sin Género - 72","Bebés","8399.00","22.87","11.43"
"2023-08-26","MLA23414333","Pampers Premium Care - G - Sin Género - 72","Bebés","9205.00","25.06","12.61"
"2023-08-27","MLA23414333","Pampers Premium Care - G - Sin Género - 72","Bebés","9205.00","25.06","12.61"
"2023-08-09","MLA24208897","Shampoo Dove Regeneración Extrema X 400 Ml","Belleza y Cuidado Personal","673.00","2.26","1.12"
"2023-08-10","MLA24208897","Shampoo Dove Regeneración Extrema X 400 Ml","Belleza y Cuidado Personal","673.00","2.26","1.12"
"2023-08-11","MLA24208897","Shampoo Dove Regeneración Extrema X 400 Ml","Belleza y Cuidado Personal","673.00","2.25","1.11"
"2023-08-12","MLA24208897","Shampoo Dove Regeneración Extrema X 400 Ml","Belleza y Cuidado Personal","673.00","2.25","1.11"
"2023-08-13","MLA24208897","Shampoo Dove Regeneración Extrema X 400 Ml","Belleza y Cuidado Personal","679.80","2.26","1.12"
"2023-08-14","MLA24208897","Shampoo Dove Regeneración Extrema X 400 Ml","Belleza y Cuidado Personal","679.80","1.88","0.99"
"2023-08-15","MLA24208897","Shampoo Dove Regeneración Extrema X 400 Ml","Belleza y Cuidado Personal","679.80","1.86","0.93"
"2023-08-16","MLA24208897","Shampoo Dove Regeneración Extrema X 400 Ml","Belleza y Cuidado Personal","679.80","1.85","0.87"
"2023-08-17","MLA24208897","Shampoo Dove Regeneración Extrema X 400 Ml","Belleza y Cuidado Personal","679.80","1.85","0.89"
"2023-08-18","MLA24208897","Shampoo Dove Regeneración Extrema X 400 Ml","Belleza y Cuidado Personal","679.80","1.85","0.94"
"2023-08-19","MLA24208897","Shampoo Dove Regeneración Extrema X 400 Ml","Belleza y Cuidado Personal","679.80","1.85","0.94"
"2023-08-20","MLA24208897","Shampoo Dove Regeneración Extrema X 400 Ml","Belleza y Cuidado Personal","679.80","1.85","0.94"
"2023-08-21","MLA24208897","Shampoo Dove Regeneración Extrema X 400 Ml","Belleza y Cuidado Personal","679.80","1.85","0.94"
"2023-08-22","MLA24208897","Shampoo Dove Regeneración Extrema X 400 Ml","Belleza y Cuidado Personal","930.00","2.53","1.28"
"2023-08-23","MLA24208897","Shampoo Dove Regeneración Extrema X 400 Ml","Belleza y Cuidado Personal","930.00","2.53","1.27"
"2023-08-24","MLA24208897","Shampoo Dove Regeneración Extrema X 400 Ml","Belleza y Cuidado Personal","930.00","2.53","1.27"
"2023-08-25","MLA24208897","Shampoo Dove Regeneración Extrema X 400 Ml","Belleza y Cuidado Personal","930.00","2.53","1.27"
"2023-08-26","MLA24208897","Shampoo Dove Regeneración Extrema X 400 Ml","Belleza y Cuidado Personal","679.80","1.85","0.93"
"2023-08-27","MLA24208897","Shampoo Dove Regeneración Extrema X 400 Ml","Belleza y Cuidado Personal","679.80","1.85","0.93"
"2023-08-09","MLA24236725","Jabon Tocador Corporal Plusbelle Frescura 3x125 Gr  Fórmula Radiante","Belleza y Cuidado Personal","770.14","2.59","1.28"
"2023-08-10","MLA24236725","Jabon Tocador Corporal Plusbelle Frescura 3x125 Gr  Fórmula Radiante","Belleza y Cuidado Personal","770.14","2.58","1.28"
"2023-08-11","MLA24236725","Jabon Tocador Corporal Plusbelle Frescura 3x125 Gr  Fórmula Radiante","Belleza y Cuidado Personal","1224.00","4.08","2.02"
"2023-08-12","MLA24236725","Jabon Tocador Corporal Plusbelle Frescura 3x125 Gr  Fórmula Radiante","Belleza y Cuidado Personal","1224.00","4.08","2.02"
"2023-08-13","MLA24236725","Jabon Tocador Corporal Plusbelle Frescura 3x125 Gr  Fórmula Radiante","Belleza y Cuidado Personal","1224.00","4.08","2.02"
"2023-08-14","MLA24236725","Jabon Tocador Corporal Plusbelle Frescura 3x125 Gr  Fórmula Radiante","Belleza y Cuidado Personal","1074.12","2.98","1.57"
"2023-08-15","MLA24236725","Jabon Tocador Corporal Plusbelle Frescura 3x125 Gr  Fórmula Radiante","Belleza y Cuidado Personal","1153.87","3.15","1.58"
"2023-08-16","MLA24236725","Jabon Tocador Corporal Plusbelle Frescura 3x125 Gr  Fórmula Radiante","Belleza y Cuidado Personal","1153.87","3.14","1.48"
"2023-08-17","MLA24236725","Jabon Tocador Corporal Plusbelle Frescura 3x125 Gr  Fórmula Radiante","Belleza y Cuidado Personal","1238.92","3.37","1.63"
"2023-08-18","MLA24236725","Jabon Tocador Corporal Plusbelle Frescura 3x125 Gr  Fórmula Radiante","Belleza y Cuidado Personal","1238.92","3.37","1.72"
"2023-08-19","MLA24236725","Jabon Tocador Corporal Plusbelle Frescura 3x125 Gr  Fórmula Radiante","Belleza y Cuidado Personal","1238.92","3.37","1.72"
"2023-08-20","MLA24236725","Jabon Tocador Corporal Plusbelle Frescura 3x125 Gr  Fórmula Radiante","Belleza y Cuidado Personal","1238.92","3.37","1.72"
"2023-08-21","MLA24236725","Jabon Tocador Corporal Plusbelle Frescura 3x125 Gr  Fórmula Radiante","Belleza y Cuidado Personal","1238.92","3.37","1.72"
"2023-08-22","MLA24236725","Jabon Tocador Corporal Plusbelle Frescura 3x125 Gr  Fórmula Radiante","Belleza y Cuidado Personal","1238.92","3.37","1.70"
"2023-08-23","MLA24236725","Jabon Tocador Corporal Plusbelle Frescura 3x125 Gr  Fórmula Radiante","Belleza y Cuidado Personal","988.92","2.69","1.35"
"2023-08-24","MLA24236725","Jabon Tocador Corporal Plusbelle Frescura 3x125 Gr  Fórmula Radiante","Belleza y Cuidado Personal","988.92","2.69","1.35"
"2023-08-25","MLA24236725","Jabon Tocador Corporal Plusbelle Frescura 3x125 Gr  Fórmula Radiante","Belleza y Cuidado Personal","988.92","2.69","1.35"
"2023-08-26","MLA24236725","Jabon Tocador Corporal Plusbelle Frescura 3x125 Gr  Fórmula Radiante","Belleza y Cuidado Personal","824.12","2.24","1.13"
"2023-08-27","MLA24236725","Jabon Tocador Corporal Plusbelle Frescura 3x125 Gr  Fórmula Radiante","Belleza y Cuidado Personal","824.12","2.24","1.13"
"2023-08-09","MLA24436487","Shampoo Plusbelle Esencia Reconstruccion Oleo Resetea Pelo","Belleza y Cuidado Personal","626.37","2.11","1.04"
"2023-08-10","MLA24436487","Shampoo Plusbelle Esencia Reconstruccion Oleo Resetea Pelo","Belleza y Cuidado Personal","626.37","2.10","1.04"
"2023-08-11","MLA24436487","Shampoo Plusbelle Esencia Reconstruccion Oleo Resetea Pelo","Belleza y Cuidado Personal","626.37","2.09","1.04"
"2023-08-12","MLA24436487","Shampoo Plusbelle Esencia Reconstruccion Oleo Resetea Pelo","Belleza y Cuidado Personal","626.37","2.09","1.04"
"2023-08-13","MLA24436487","Shampoo Plusbelle Esencia Reconstruccion Oleo Resetea Pelo","Belleza y Cuidado Personal","626.37","2.09","1.04"
"2023-08-14","MLA24436487","Shampoo Plusbelle Esencia Reconstruccion Oleo Resetea Pelo","Belleza y Cuidado Personal","670.16","1.86","0.98"
"2023-08-15","MLA24436487","Shampoo Plusbelle Esencia Reconstruccion Oleo Resetea Pelo","Belleza y Cuidado Personal","735.01","2.01","1.01"
"2023-08-16","MLA24436487","Shampoo Plusbelle Esencia Reconstruccion Oleo Resetea Pelo","Belleza y Cuidado Personal","735.01","2.00","0.94"
"2023-08-17","MLA24436487","Shampoo Plusbelle Esencia Reconstruccion Oleo Resetea Pelo","Belleza y Cuidado Personal","804.26","2.19","1.06"
"2023-08-18","MLA24436487","Shampoo Plusbelle Esencia Reconstruccion Oleo Resetea Pelo","Belleza y Cuidado Personal","804.26","2.19","1.12"
"2023-08-19","MLA24436487","Shampoo Plusbelle Esencia Reconstruccion Oleo Resetea Pelo","Belleza y Cuidado Personal","804.26","2.19","1.12"
"2023-08-20","MLA24436487","Shampoo Plusbelle Esencia Reconstruccion Oleo Resetea Pelo","Belleza y Cuidado Personal","804.26","2.19","1.12"
"2023-08-21","MLA24436487","Shampoo Plusbelle Esencia Reconstruccion Oleo Resetea Pelo","Belleza y Cuidado Personal","804.26","2.19","1.12"
"2023-08-22","MLA24436487","Shampoo Plusbelle Esencia Reconstruccion Oleo Resetea Pelo","Belleza y Cuidado Personal","804.26","2.19","1.11"
"2023-08-23","MLA24436487","Shampoo Plusbelle Esencia Reconstruccion Oleo Resetea Pelo","Belleza y Cuidado Personal","804.26","2.19","1.09"
"2023-08-24","MLA24436487","Shampoo Plusbelle Esencia Reconstruccion Oleo Resetea Pelo","Belleza y Cuidado Personal","804.26","2.19","1.09"
"2023-08-25","MLA24436487","Shampoo Plusbelle Esencia Reconstruccion Oleo Resetea Pelo","Belleza y Cuidado Personal","804.26","2.19","1.09"
"2023-08-26","MLA24436487","Shampoo Plusbelle Esencia Reconstruccion Oleo Resetea Pelo","Belleza y Cuidado Personal","701.41","1.91","0.96"
"2023-08-27","MLA24436487","Shampoo Plusbelle Esencia Reconstruccion Oleo Resetea Pelo","Belleza y Cuidado Personal","701.41","1.91","0.96"
"2023-08-09","MLA8795304","Alimento Dog Selection Criadores Para Perro Adulto De Raza Mediana Y Grande Sabor Carne Y Pollo En Bolsa De 21 kg","Animales y Mascotas","9313.00","31.34","15.52"
"2023-08-10","MLA8795304","Alimento Dog Selection Criadores Para Perro Adulto De Raza Mediana Y Grande Sabor Carne Y Pollo En Bolsa De 21 kg","Animales y Mascotas","9313.00","31.23","15.47"
"2023-08-11","MLA8795304","Alimento Dog Selection Criadores Para Perro Adulto De Raza Mediana Y Grande Sabor Carne Y Pollo En Bolsa De 21 kg","Animales y Mascotas","9267.00","30.92","15.32"
"2023-08-12","MLA8795304","Alimento Dog Selection Criadores Para Perro Adulto De Raza Mediana Y Grande Sabor Carne Y Pollo En Bolsa De 21 kg","Animales y Mascotas","9267.00","30.92","15.32"
"2023-08-13","MLA8795304","Alimento Dog Selection Criadores Para Perro Adulto De Raza Mediana Y Grande Sabor Carne Y Pollo En Bolsa De 21 kg","Animales y Mascotas","9267.00","30.86","15.32"
"2023-08-14","MLA8795304","Alimento Dog Selection Criadores Para Perro Adulto De Raza Mediana Y Grande Sabor Carne Y Pollo En Bolsa De 21 kg","Animales y Mascotas","9332.51","25.88","13.62"
"2023-08-15","MLA8795304","Alimento Dog Selection Criadores Para Perro Adulto De Raza Mediana Y Grande Sabor Carne Y Pollo En Bolsa De 21 kg","Animales y Mascotas","12676.00","34.61","17.36"
"2023-08-16","MLA8795304","Alimento Dog Selection Criadores Para Perro Adulto De Raza Mediana Y Grande Sabor Carne Y Pollo En Bolsa De 21 kg","Animales y Mascotas","12676.00","34.49","16.25"
"2023-08-17","MLA8795304","Alimento Dog Selection Criadores Para Perro Adulto De Raza Mediana Y Grande Sabor Carne Y Pollo En Bolsa De 21 kg","Animales y Mascotas","12676.00","34.49","16.68"
"2023-08-18","MLA8795304","Alimento Dog Selection Criadores Para Perro Adulto De Raza Mediana Y Grande Sabor Carne Y Pollo En Bolsa De 21 kg","Animales y Mascotas","13675.83","37.19","18.99"
"2023-08-19","MLA8795304","Alimento Dog Selection Criadores Para Perro Adulto De Raza Mediana Y Grande Sabor Carne Y Pollo En Bolsa De 21 kg","Animales y Mascotas","12676.00","34.48","17.61"
"2023-08-20","MLA8795304","Alimento Dog Selection Criadores Para Perro Adulto De Raza Mediana Y Grande Sabor Carne Y Pollo En Bolsa De 21 kg","Animales y Mascotas","12676.00","34.48","17.61"
"2023-08-21","MLA8795304","Alimento Dog Selection Criadores Para Perro Adulto De Raza Mediana Y Grande Sabor Carne Y Pollo En Bolsa De 21 kg","Animales y Mascotas","12600.00","34.27","17.50"
"2023-08-22","MLA8795304","Alimento Dog Selection Criadores Para Perro Adulto De Raza Mediana Y Grande Sabor Carne Y Pollo En Bolsa De 21 kg","Animales y Mascotas","12600.00","34.29","17.33"
"2023-08-23","MLA8795304","Alimento Dog Selection Criadores Para Perro Adulto De Raza Mediana Y Grande Sabor Carne Y Pollo En Bolsa De 21 kg","Animales y Mascotas","12676.00","34.52","17.25"
"2023-08-24","MLA8795304","Alimento Dog Selection Criadores Para Perro Adulto De Raza Mediana Y Grande Sabor Carne Y Pollo En Bolsa De 21 kg","Animales y Mascotas","12676.00","34.52","17.25"
"2023-08-25","MLA8795304","Alimento Dog Selection Criadores Para Perro Adulto De Raza Mediana Y Grande Sabor Carne Y Pollo En Bolsa De 21 kg","Animales y Mascotas","12676.00","34.52","17.25"
"2023-08-26","MLA8795304","Alimento Dog Selection Criadores Para Perro Adulto De Raza Mediana Y Grande Sabor Carne Y Pollo En Bolsa De 21 kg","Animales y Mascotas","12100.00","32.95","16.58"
"2023-08-27","MLA8795304","Alimento Dog Selection Criadores Para Perro Adulto De Raza Mediana Y Grande Sabor Carne Y Pollo En Bolsa De 21 kg","Animales y Mascotas","12100.00","32.95","16.58"
